{
    "29U": {
        "storage tank": [
            0.3672410547733307,
            0.552326500415802,
            0.520798921585083
        ]
    },
    "47R": {
        "storage tank": [
            0.3158446252346039,
            0.6298263669013977,
            0.048800498247146606
        ]
    },
    "54H": {
        "storage tank": [
            0.746337354183197,
            0.7064127922058105,
            0.5505928993225098
        ]
    },
    "23L": {
        "storage tank": [
            0.27216431498527527,
            0.4627876877784729,
            0.03728760406374931
        ]
    },
    "46T": {
        "storage tank": [
            0.4869857430458069,
            0.788866400718689,
            0.8717593550682068
        ]
    },
    "49T": {
        "storage tank": [
            0.37572211027145386,
            0.5667321681976318,
            0.32284781336784363
        ]
    },
    "53S": {
        "storage tank": [
            0.2000381201505661,
            0.3243820071220398,
            0.024438830092549324
        ]
    },
    "43P": {
        "storage tank": [
            0.6881824731826782,
            0.8885875940322876,
            0.5712576508522034
        ]
    },
    "48S": {
        "storage tank": [
            0.39793211221694946,
            0.5637784004211426,
            0.16609527170658112
        ]
    },
    "15Q": {
        "storage tank": [
            0.4268450438976288,
            0.3712703287601471,
            0.23351697623729706
        ]
    },
    "50T": {
        "storage tank": [
            0.32961222529411316,
            0.8630800247192383,
            0.2179044634103775
        ]
    },
    "45T": {
        "storage tank": [
            0.5029382705688477,
            0.8235992789268494,
            0.22586309909820557
        ]
    },
    "19G": {
        "storage tank": [
            0.2181275486946106,
            0.36629948019981384,
            0.11035453528165817
        ]
    },
    "29S": {
        "storage tank": [
            0.6557987928390503,
            0.9657468199729919,
            0.5483965873718262
        ]
    },
    "33U": {
        "storage tank": [
            0.4714716374874115,
            0.36743465065956116,
            0.07601410150527954
        ]
    },
    "51R": {
        "storage tank": [
            0.6920705437660217,
            0.9931382536888123,
            0.9864615797996521
        ]
    },
    "32U": {
        "storage tank": [
            0.4765091836452484,
            0.9181563854217529,
            0.9767741560935974
        ]
    },
    "22J": {
        "storage tank": [
            0.33695271611213684,
            0.4808870851993561,
            0.12834179401397705
        ]
    },
    "51T": {
        "storage tank": [
            0.38494014739990234,
            0.3651010990142822,
            0.3659200966358185
        ]
    },
    "38V": {
        "storage tank": [
            0.13913139700889587,
            0.02970873937010765,
            0.008953874930739403
        ]
    },
    "34U": {
        "storage tank": [
            0.4098242521286011,
            0.4147495925426483,
            0.1863708347082138
        ]
    },
    "43R": {
        "storage tank": [
            0.16761264204978943,
            0.12366697937250137,
            0.01097099483013153
        ]
    },
    "32S": {
        "storage tank": [
            0.339191734790802,
            0.20879530906677246,
            0.02111973986029625
        ]
    },
    "60G": {
        "storage tank": [
            0.3151308298110962,
            0.1838437169790268,
            0.04215289652347565
        ]
    },
    "50J": {
        "storage tank": [
            0.2040594220161438,
            0.5988534688949585,
            0.027033651247620583
        ]
    },
    "30S": {
        "storage tank": [
            0.4601577818393707,
            0.7015545964241028,
            0.2621004581451416
        ]
    },
    "13S": {
        "storage tank": [
            0.2199769914150238,
            0.3434240520000458,
            0.007845950312912464
        ]
    },
    "14S": {
        "storage tank": [
            0.23306743800640106,
            0.0465870127081871,
            0.05677098035812378
        ]
    },
    "51S": {
        "storage tank": [
            0.4839858412742615,
            0.6059169173240662,
            0.08547145873308182
        ]
    },
    "49Q": {
        "storage tank": [
            0.8639391660690308,
            0.990179181098938,
            0.9876156449317932
        ]
    },
    "34T": {
        "storage tank": [
            0.24339255690574646,
            0.5456862449645996,
            0.03126420080661774
        ]
    },
    "37T": {
        "storage tank": [
            0.2518106698989868,
            0.06644420325756073,
            0.009333976544439793
        ]
    },
    "55H": {
        "storage tank": [
            0.24495121836662292,
            0.18329529464244843,
            0.07305679470300674
        ]
    },
    "19J": {
        "storage tank": [
            0.4218037724494934,
            0.79292231798172,
            0.7386215925216675
        ]
    },
    "33T": {
        "storage tank": [
            0.27095022797584534,
            0.4316079616546631,
            0.02204226888716221
        ]
    },
    "47T": {
        "storage tank": [
            0.43202275037765503,
            0.467421293258667,
            0.39639055728912354
        ]
    },
    "48T": {
        "storage tank": [
            0.5962135195732117,
            0.2720175087451935,
            0.15393111109733582
        ]
    },
    "24M": {
        "storage tank": [
            0.48586124181747437,
            0.706050455570221,
            0.19511479139328003
        ]
    },
    "31U": {
        "storage tank": [
            0.49911653995513916,
            0.9626308679580688,
            0.6459519863128662
        ]
    },
    "42Q": {
        "storage tank": [
            0.8548615574836731,
            0.9690200686454773,
            0.3030654191970825
        ]
    },
    "35S": {
        "storage tank": [
            0.3137034773826599,
            0.4474045932292938,
            0.08510825037956238
        ]
    },
    "44T": {
        "storage tank": [
            0.3228098750114441,
            0.05996985360980034,
            0.021045126020908356
        ]
    },
    "37S": {
        "storage tank": [
            0.2122136354446411,
            0.44927194714546204,
            0.0294197928160429
        ]
    },
    "20H": {
        "storage tank": [
            0.13064652681350708,
            0.649778425693512,
            0.7000807523727417
        ]
    },
    "17M": {
        "storage tank": [
            0.1804295927286148,
            0.2919374406337738,
            0.11755380779504776
        ]
    },
    "29R": {
        "storage tank": [
            0.02439703606069088,
            0.012317121960222721,
            0.004215457942336798
        ]
    },
    "30U": {
        "storage tank": [
            0.46529534459114075,
            0.4489412009716034,
            0.7590525150299072
        ]
    },
    "35T": {
        "storage tank": [
            0.2524855136871338,
            0.6957678198814392,
            0.7971454858779907
        ]
    },
    "39S": {
        "storage tank": [
            0.3807057738304138,
            0.25881972908973694,
            0.018434686586260796
        ]
    },
    "43Q": {
        "storage tank": [
            0.5935320854187012,
            0.7536353468894958,
            0.7687951326370239
        ]
    },
    "17T": {
        "storage tank": [
            0.26067790389060974,
            0.1846107542514801,
            0.2649472951889038
        ]
    },
    "22H": {
        "storage tank": [
            0.16602195799350739,
            0.43180516362190247,
            0.04155983775854111
        ]
    },