{
    "29U": {
        "storage tank": [
            0.4780363142490387,
            0.934794545173645,
            0.7742677927017212
        ]
    },
    "47R": {
        "storage tank": [
            0.21210412681102753,
            0.5410733819007874,
            0.1342455893754959
        ]
    },
    "54H": {
        "storage tank": [
            0.7612472176551819,
            0.8353854417800903,
            0.3078393042087555
        ]
    },
    "23L": {
        "storage tank": [
            0.2861976623535156,
            0.39731037616729736,
            0.2781416177749634
        ]
    },
    "46T": {
        "storage tank": [
            0.4502810537815094,
            0.8145362138748169,
            0.414538711309433
        ]
    },
    "49T": {
        "storage tank": [
            0.4505954682826996,
            0.5352061986923218,
            0.4114205241203308
        ]
    },
    "53S": {
        "storage tank": [
            0.13765811920166016,
            0.7569652795791626,
            0.6925771832466125
        ]
    },
    "43P": {
        "storage tank": [
            0.4858795702457428,
            0.9714860320091248,
            0.7828617691993713
        ]
    },
    "48S": {
        "storage tank": [
            0.3442063331604004,
            0.7228730320930481,
            0.706354022026062
        ]
    },
    "15Q": {
        "storage tank": [
            0.28195324540138245,
            0.6621102094650269,
            0.4129205346107483
        ]
    },
    "50T": {
        "storage tank": [
            0.3830476999282837,
            0.8793579339981079,
            0.45380279421806335
        ]
    },
    "45T": {
        "storage tank": [
            0.6494832634925842,
            0.7670777440071106,
            0.24074214696884155
        ]
    },
    "19G": {
        "storage tank": [
            0.17056713998317719,
            0.4334772229194641,
            0.036443356424570084
        ]
    },
    "29S": {
        "storage tank": [
            0.5240702033042908,
            0.9391591548919678,
            0.8620235323905945
        ]
    },
    "33U": {
        "storage tank": [
            0.530427098274231,
            0.7276352643966675,
            0.05032651871442795
        ]
    },
    "51R": {
        "storage tank": [
            0.749252200126648,
            0.9930826425552368,
            0.9952210783958435
        ]
    },
    "32U": {
        "storage tank": [
            0.5939857959747314,
            0.8278634548187256,
            0.365171879529953
        ]
    },
    "22J": {
        "storage tank": [
            0.7373002767562866,
            0.7953634858131409,
            0.31793859601020813
        ]
    },
    "51T": {
        "storage tank": [
            0.46343088150024414,
            0.8467121124267578,
            0.31244832277297974
        ]
    },
    "38V": {
        "storage tank": [
            0.27663305401802063,
            0.2014068067073822,
            0.03766350448131561
        ]
    },
    "34U": {
        "storage tank": [
            0.6546905040740967,
            0.6431612968444824,
            0.14565794169902802
        ]
    },
    "43R": {
        "storage tank": [
            0.13986164331436157,
            0.3113948702812195,
            0.015515988692641258
        ]
    },
    "32S": {
        "storage tank": [
            0.35697540640830994,
            0.6488984823226929,
            0.09097829461097717
        ]
    },
    "60G": {
        "storage tank": [
            0.18485890328884125,
            0.5114144086837769,
            0.021798113361001015
        ]
    },
    "50J": {
        "storage tank": [
            0.2029377818107605,
            0.39478763937950134,
            0.021105077117681503
        ]
    },
    "30S": {
        "storage tank": [
            0.4068039357662201,
            0.6578136682510376,
            0.05207233875989914
        ]
    },
    "13S": {
        "storage tank": [
            0.3962167799472809,
            0.7965165376663208,
            0.022528667002916336
        ]
    },
    "14S": {
        "storage tank": [
            0.31796568632125854,
            0.5956083536148071,
            0.01442257035523653
        ]
    },
    "51S": {
        "storage tank": [
            0.44429534673690796,
            0.7626368999481201,
            0.13291411101818085
        ]
    },
    "49Q": {
        "storage tank": [
            0.654190719127655,
            0.9897702932357788,
            0.9976322650909424
        ]
    },
    "34T": {
        "storage tank": [
            0.18609441816806793,
            0.5640425086021423,
            0.07345040887594223
        ]
    },
    "37T": {
        "storage tank": [
            0.43658995628356934,
            0.6344968676567078,
            0.0259443037211895
        ]
    },
    "55H": {
        "storage tank": [
            0.40861597657203674,
            0.6426854133605957,
            0.10657481104135513
        ]
    },
    "19J": {
        "storage tank": [
            0.295655220746994,
            0.9330628514289856,
            0.7969396710395813
        ]
    },
    "33T": {
        "storage tank": [
            0.2786933183670044,
            0.5236677527427673,
            0.034747570753097534
        ]
    },
    "47T": {
        "storage tank": [
            0.48590514063835144,
            0.7623738050460815,
            0.18486779928207397
        ]
    },
    "48T": {
        "storage tank": [
            0.7155962586402893,
            0.5102425813674927,
            0.057585760951042175
        ]
    },
    "24M": {
        "storage tank": [
            0.5466774702072144,
            0.6824703812599182,
            0.7502632737159729
        ]
    },
    "31U": {
        "storage tank": [
            0.7360890507698059,
            0.9319168925285339,
            0.3813677728176117
        ]
    },
    "42Q": {
        "storage tank": [
            0.7726499438285828,
            0.961182177066803,
            0.7766258716583252
        ]
    },
    "35S": {
        "storage tank": [
            0.33159369230270386,
            0.8491417169570923,
            0.115972600877285
        ]
    },
    "44T": {
        "storage tank": [
            0.14083509147167206,
            0.5370649099349976,
            0.6181697249412537
        ]
    },
    "37S": {
        "storage tank": [
            0.20410147309303284,
            0.5556389689445496,
            0.03085227869451046
        ]
    },
    "20H": {
        "storage tank": [
            0.11936067044734955,
            0.2760245203971863,
            0.03536519408226013
        ]
    },
    "17M": {
        "storage tank": [
            0.17332862317562103,
            0.3049989342689514,
            0.009770456701517105
        ]
    },
    "29R": {
        "storage tank": [
            0.04263681545853615,
            0.006235569249838591,
            0.000983906676992774
        ]
    },
    "30U": {
        "storage tank": [
            0.6625346541404724,
            0.7909865975379944,
            0.19696150720119476
        ]
    },
    "35T": {
        "storage tank": [
            0.29545530676841736,
            0.7659140825271606,
            0.7397622466087341
        ]
    },
    "39S": {
        "storage tank": [
            0.18049274384975433,
            0.38710418343544006,
            0.03876879811286926
        ]
    },
    "43Q": {
        "storage tank": [
            0.8997633457183838,
            0.9310605525970459,
            0.4702061712741852
        ]
    },
    "17T": {
        "storage tank": [
            0.24319514632225037,
            0.4084818661212921,
            0.05149681493639946
        ]
    },
    "22H": {
        "storage tank": [
            0.2653045356273651,
            0.4650980532169342,
            0.040439218282699585
        ]
    },