{
    "13Q": {
        "small vehicle": [
            0.7152788043022156,
            0.1738695651292801,
            0.0967957004904747
        ]
    },
    "12S": {
        "small vehicle": [
            0.875374972820282,
            0.93919837474823,
            0.7321902513504028
        ]
    },
    "31T": {
        "small vehicle": [
            0.8646121621131897,
            0.8151812553405762,
            0.4066168963909149
        ]
    },
    "23K": {
        "small vehicle": [
            0.7979382276535034,
            0.7687729001045227,
            0.4014802873134613
        ]
    },
    "34H": {
        "small vehicle": [
            0.928431510925293,
            0.8344361782073975,
            0.4385344386100769
        ]
    },
    "47P": {
        "small vehicle": [
            0.6092263460159302,
            0.62836092710495,
            0.25364547967910767
        ]
    },
    "43P": {
        "small vehicle": [
            0.6499578356742859,
            0.09189924597740173,
            0.014245033264160156
        ]
    },
    "17T": {
        "small vehicle": [
            0.6996195316314697,
            0.27148640155792236,
            0.15002448856830597
        ]
    },
    "32U": {
        "small vehicle": [
            0.5553497076034546,
            0.314826101064682,
            0.040887217968702316
        ]
    },
    "22K": {
        "small vehicle": [
            0.5102773308753967,
            0.5692735910415649,
            0.2953921854496002
        ]
    },
    "30T": {
        "small vehicle": [
            0.8720503449440002,
            0.49573585391044617,
            0.5145297050476074
        ]
    },
    "38V": {
        "small vehicle": [
            0.3239677846431732,
            0.2379714846611023,
            0.02337324619293213
        ]
    },
    "17R": {
        "small vehicle": [
            0.6860612630844116,
            0.5483647584915161,
            0.35547107458114624
        ]
    },
    "10S": {
        "small vehicle": [
            0.7911009192466736,
            0.564446210861206,
            0.5605139136314392
        ]
    },
    "29R": {
        "small vehicle": [
            0.7376547455787659,
            0.2211856245994568,
            0.071657195687294
        ]
    },
    "18T": {
        "small vehicle": [
            0.7253637313842773,
            0.758914053440094,
            0.22772249579429626
        ]
    },
    "18S": {
        "small vehicle": [
            0.862231433391571,
            0.7256737351417542,
            0.7417629957199097
        ]
    },
    "32T": {
        "small vehicle": [
            0.7463240623474121,
            0.2650909125804901,
            0.055341266095638275
        ]
    },
    "44Q": {
        "small vehicle": [
            0.4261667728424072,
            0.2444923222064972,
            0.016290752217173576
        ]
    },
    "55H": {
        "small vehicle": [
            0.6547503471374512,
            0.6353411078453064,
            0.16669411957263947
        ]
    },
    "17Q": {
        "small vehicle": [
            0.2715076506137848,
            0.06126523017883301,
            0.028722312301397324
        ]
    },
    "34T": {
        "small vehicle": [
            0.7124651670455933,
            0.30465251207351685,
            0.12978161871433258
        ]
    },
    "33T": {
        "small vehicle": [
            0.8394226431846619,
            0.501867949962616,
            0.11002441495656967
        ]
    },
    "40R": {
        "small vehicle": [
            0.8889478445053101,
            0.7749056220054626,
            0.8031754493713379
        ]
    },
    "50L": {
        "small vehicle": [
            0.5451725125312805,
            0.06483154743909836,
            0.01276246178895235
        ]
    },
    "16P": {
        "small vehicle": [
            0.7891366481781006,
            0.3520389497280121,
            0.16915881633758545
        ]
    },
    "56J": {
        "small vehicle": [
            0.8442586660385132,
            0.624092698097229,
            0.17551289498806
        ]
    },
    "37T": {
        "small vehicle": [
            0.7846074104309082,
            0.43495264649391174,
            0.08218797296285629
        ]
    },
    "36S": {
        "small vehicle": [
            0.6059337854385376,
            0.26091691851615906,
            0.396049827337265
        ]
    },
    "14Q": {
        "small vehicle": [
            0.47707727551460266,
            0.18748779594898224,
            0.050481442362070084
        ]
    },
    "14S": {
        "small vehicle": [
            0.8256036043167114,
            0.5981513857841492,
            0.13174782693386078
        ]
    },
    "39R": {
        "small vehicle": [
            0.4827650785446167,
            0.4759179651737213,
            0.1286221742630005
        ]
    },
    "21J": {
        "small vehicle": [
            0.762994647026062,
            0.4378722608089447,
            0.08311700075864792
        ]
    },
    "39Q": {
        "small vehicle": [
            0.7764685153961182,
            0.8000005483627319,
            0.8596189022064209
        ]
    },
    "54H": {
        "small vehicle": [
            0.7248354554176331,
            0.41820597648620605,
            0.10751684755086899
        ]
    },
    "33U": {
        "small vehicle": [
            0.6394241452217102,
            0.1762014925479889,
            0.05725356191396713
        ]
    },
    "15P": {
        "small vehicle": [
            0.2607133090496063,
            0.12928932905197144,
            0.010822786949574947
        ]
    },
    "31U": {
        "small vehicle": [
            0.6356688737869263,
            0.7781767249107361,
            0.10902528464794159
        ]
    },
    "24M": {
        "small vehicle": [
            0.46466806530952454,
            0.448991060256958,
            0.04502033069729805
        ]
    },
    "32P": {
        "small vehicle": [
            0.7682286500930786,
            0.6542608141899109,
            0.11156756430864334
        ]
    },
    "56H": {
        "small vehicle": [
            0.7361466884613037,
            0.3410843014717102,
            0.22426794469356537
        ]
    },
    "19P": {
        "small vehicle": [
            0.5244802832603455,
            0.3912241458892822,
            0.06504696607589722
        ]
    },
    "21H": {
        "small vehicle": [
            0.803280770778656,
            0.6689935326576233,
            0.20785436034202576
        ]
    },
    "19H": {
        "small vehicle": [
            0.6387009620666504,
            0.44250601530075073,
            0.13911674916744232
        ]
    },
    "34U": {
        "small vehicle": [
            0.4765680432319641,
            0.4425666332244873,
            0.03481961786746979
        ]
    },
    "51P": {
        "small vehicle": [
            0.6941813230514526,
            0.4839460253715515,
            0.09757287055253983
        ]
    },
    "12U": {
        "small vehicle": [
            0.4506097137928009,
            0.2350032925605774,
            0.06874366849660873
        ]
    },
    "17S": {
        "small vehicle": [
            0.40167370438575745,
            0.20824523270130157,
            0.15218545496463776
        ]
    },
    "43Q": {
        "small vehicle": [
            0.46391502022743225,
            0.2093333601951599,
            0.050267502665519714
        ]
    },
    "17M": {
        "small vehicle": [
            0.7189159989356995,
            0.7116521000862122,
            0.2206348180770874
        ]
    },
    "19K": {
        "small vehicle": [
            0.5263491272926331,
            0.3446982800960541,
            0.3205462098121643
        ]
    },
    "50R": {
        "small vehicle": [
            0.3193003535270691,
            0.07842487841844559,
            0.028330057859420776
        ]
    },