{
    "30U": {
        "ship": [
            0.7982891798019409,
            0.9526564478874207,
            0.9390391707420349
        ]
    },
    "20Q": {
        "ship": [
            0.37471142411231995,
            0.2647908329963684,
            0.029781635850667953
        ]
    },
    "11S": {
        "ship": [
            0.8030977249145508,
            0.9075769186019897,
            0.7382667660713196
        ]
    },
    "10U": {
        "ship": [
            0.6853254437446594,
            0.8077273368835449,
            0.36081209778785706
        ]
    },
    "31U": {
        "ship": [
            0.8056603670120239,
            0.9203384518623352,
            0.9294047355651855
        ]
    },
    "14R": {
        "ship": [
            0.6182628870010376,
            0.8387188911437988,
            0.6004799008369446
        ]
    },
    "19T": {
        "ship": [
            0.8109976053237915,
            0.9225237369537354,
            0.5789964199066162
        ]
    },
    "54H": {
        "ship": [
            0.4104258120059967,
            0.5633051991462708,
            0.07482021301984787
        ]
    },
    "14U": {
        "ship": [
            0.2847575843334198,
            0.42785993218421936,
            0.04025194048881531
        ]
    },
    "17S": {
        "ship": [
            0.7659456729888916,
            0.8204156160354614,
            0.37708237767219543
        ]
    },
    "17T": {
        "ship": [
            0.8390711545944214,
            0.778455913066864,
            0.4296209216117859
        ]
    },
    "32U": {
        "ship": [
            0.9061762690544128,
            0.8573779463768005,
            0.5659204721450806
        ]
    },
    "29U": {
        "ship": [
            0.6662129163742065,
            0.8136889338493347,
            0.6528329253196716
        ]
    },
    "18T": {
        "ship": [
            0.9185532927513123,
            0.9106640219688416,
            0.7591589689254761
        ]
    },
    "31T": {
        "ship": [
            0.70221346616745,
            0.7324321269989014,
            0.5209091305732727
        ]
    },
    "20M": {
        "ship": [
            0.4843134880065918,
            0.23811598122119904,
            0.031147463247179985
        ]
    },
    "32T": {
        "ship": [
            0.7028335332870483,
            0.7053935527801514,
            0.6340638995170593
        ]
    },
    "16T": {
        "ship": [
            0.8797855377197266,
            0.976626455783844,
            0.34375956654548645
        ]
    },
    "18S": {
        "ship": [
            0.7460644245147705,
            0.9672678112983704,
            0.871286153793335
        ]
    },
    "36T": {
        "ship": [
            0.7357481718063354,
            0.7867297530174255,
            0.411510705947876
        ]
    },
    "16S": {
        "ship": [
            0.8047559857368469,
            0.9231078624725342,
            0.7998018264770508
        ]
    },
    "32V": {
        "ship": [
            0.5968350768089294,
            0.8206267356872559,
            0.6230649352073669
        ]
    },
    "10S": {
        "ship": [
            0.7779616713523865,
            0.9494230151176453,
            0.7174765467643738
        ]
    },
    "17R": {
        "ship": [
            0.6614341139793396,
            0.47719332575798035,
            0.3709656596183777
        ]
    },
    "34U": {
        "ship": [
            0.64410400390625,
            0.8389989733695984,
            0.5853949785232544
        ]
    },
    "15T": {
        "ship": [
            0.7506939768791199,
            0.7907302379608154,
            0.826943576335907
        ]
    },
    "54S": {
        "ship": [
            0.5872066617012024,
            0.8146241307258606,
            0.6364397406578064
        ]
    },
    "35V": {
        "ship": [
            0.6134464740753174,
            0.8067322969436646,
            0.8224613070487976
        ]
    },
    "21J": {
        "ship": [
            0.5743506550788879,
            0.31241148710250854,
            0.03692575544118881
        ]
    },
    "15R": {
        "ship": [
            0.5843831896781921,
            0.779438853263855,
            0.23549097776412964
        ]
    },
    "14S": {
        "ship": [
            0.607405960559845,
            0.5041379928588867,
            0.3115498423576355
        ]
    },
    "40U": {
        "ship": [
            0.5244172811508179,
            0.5632758736610413,
            0.07332343608140945
        ]
    },
    "41U": {
        "ship": [
            0.4697985351085663,
            0.6389263272285461,
            0.44220319390296936
        ]
    },
    "44U": {
        "ship": [
            0.5001972317695618,
            0.6232810616493225,
            0.31995493173599243
        ]
    },
    "10T": {
        "ship": [
            0.8863740563392639,
            0.9649306535720825,
            0.9492198824882507
        ]
    },
    "36U": {
        "ship": [
            0.713812530040741,
            0.9782593250274658,
            0.9654877185821533
        ]
    },
    "33U": {
        "ship": [
            0.7732316255569458,
            0.9306198358535767,
            0.5654119849205017
        ]
    },
    "14Q": {
        "ship": [
            0.7713053226470947,
            0.6760693788528442,
            0.2158987820148468
        ]
    },
    "51P": {
        "ship": [
            0.4860648214817047,
            0.2286766618490219,
            0.01575973443686962
        ]
    },
    "11U": {
        "ship": [
            0.6395444869995117,
            0.42432281374931335,
            0.18950949609279633
        ]
    },
    "36V": {
        "ship": [
            0.7339935302734375,
            0.914525032043457,
            0.8851276636123657
        ]
    },
    "33T": {
        "ship": [
            0.711139440536499,
            0.8473076224327087,
            0.6541393995285034
        ]
    },
    "23K": {
        "ship": [
            0.7094489932060242,
            0.694868803024292,
            0.10927329957485199
        ]
    },
    "16P": {
        "ship": [
            0.6888732314109802,
            0.4365711510181427,
            0.04879361391067505
        ]
    },
    "37U": {
        "ship": [
            0.8795716762542725,
            0.8239874839782715,
            0.6581813097000122
        ]
    },
    "37T": {
        "ship": [
            0.569765031337738,
            0.7546271085739136,
            0.15925905108451843
        ]
    },
    "31S": {
        "ship": [
            0.5025621056556702,
            0.627703070640564,
            0.061117347329854965
        ]
    },
    "13S": {
        "ship": [
            0.8948461413383484,
            0.9810501933097839,
            0.9191425442695618
        ]
    },
    "16Q": {
        "ship": [
            0.30572643876075745,
            0.3769659996032715,
            0.06708043813705444
        ]
    },
    "46V": {
        "ship": [
            0.45456549525260925,
            0.4650416374206543,
            0.21109645068645477
        ]
    },
    "24L": {
        "ship": [
            0.4426549971103668,
            0.24674338102340698,
            0.055580392479896545
        ]
    },
    "23L": {
        "ship": [
            0.5440524816513062,
            0.7029899954795837,
            0.4075401723384857
        ]
    },
    "19Q": {
        "ship": [
            0.4776856005191803,
            0.47894179821014404,
            0.0627535805106163
        ]
    },
    "55H": {
        "ship": [
            0.9226182103157043,
            0.903923511505127,
            0.1927778571844101
        ]
    },
    "53S": {
        "ship": [
            0.567316472530365,
            0.6967518329620361,
            0.36616984009742737
        ]
    },