{
    "35S": {
        "harbor": [
            0.8794002532958984,
            0.9035549759864807,
            0.9195756316184998
        ]
    },
    "27W": {
        "harbor": [
            0.6567539572715759,
            0.41583138704299927,
            0.23742620646953583
        ]
    },
    "44N": {
        "harbor": [
            0.8734925985336304,
            0.9575905203819275,
            0.961647629737854
        ]
    },
    "39R": {
        "harbor": [
            0.9131271839141846,
            0.9462028741836548,
            0.9267198443412781
        ]
    },
    "30U": {
        "harbor": [
            0.904833972454071,
            0.8753849864006042,
            0.9141823649406433
        ]
    },
    "32S": {
        "harbor": [
            0.9727542996406555,
            0.9197998642921448,
            0.701790452003479
        ]
    },
    "33S": {
        "harbor": [
            0.8729038834571838,
            0.903361439704895,
            0.8647490739822388
        ]
    },
    "18T": {
        "harbor": [
            0.7830337882041931,
            0.9426105618476868,
            0.7862467169761658
        ]
    },
    "53T": {
        "harbor": [
            0.8506982922554016,
            0.8376664519309998,
            0.47088250517845154
        ]
    },
    "59G": {
        "harbor": [
            0.9315804243087769,
            0.7762641310691833,
            0.6834294199943542
        ]
    },
    "19F": {
        "harbor": [
            0.796164333820343,
            0.899278461933136,
            0.6700022220611572
        ]
    },
    "43Q": {
        "harbor": [
            0.8559255599975586,
            0.8199389576911926,
            0.6069658994674683
        ]
    },
    "44P": {
        "harbor": [
            0.7295433282852173,
            0.8611508011817932,
            0.8522589802742004
        ]
    },
    "30V": {
        "harbor": [
            0.9304840564727783,
            0.909459114074707,
            0.8824589252471924
        ]
    },
    "31U": {
        "harbor": [
            0.9102150201797485,
            0.9739457964897156,
            0.7808600068092346
        ]
    },
    "30T": {
        "harbor": [
            0.919824481010437,
            0.9478840827941895,
            0.6999636888504028
        ]
    },
    "12R": {
        "harbor": [
            0.7783501744270325,
            0.8126787543296814,
            0.8913605213165283
        ]
    },
    "19Q": {
        "harbor": [
            0.9089497327804565,
            0.8970412611961365,
            0.7210692167282104
        ]
    },
    "33T": {
        "harbor": [
            0.9284259676933289,
            0.9514225721359253,
            0.9506025910377502
        ]
    },
    "35T": {
        "harbor": [
            0.899202287197113,
            0.9390131235122681,
            0.8822470903396606
        ]
    },
    "51S": {
        "harbor": [
            0.7045078277587891,
            0.8137267231941223,
            0.373014897108078
        ]
    },
    "20T": {
        "harbor": [
            0.8815783858299255,
            0.9224036335945129,
            0.9319946765899658
        ]
    },
    "48N": {
        "harbor": [
            0.772344708442688,
            0.8470338582992554,
            0.807812511920929
        ]
    },
    "54S": {
        "harbor": [
            0.9303796291351318,
            0.9305723309516907,
            0.9659841060638428
        ]
    },
    "53H": {
        "harbor": [
            0.3864346146583557,
            0.676529586315155,
            0.07318343967199326
        ]
    },
    "36S": {
        "harbor": [
            0.8220818042755127,
            0.9337403774261475,
            0.8289417028427124
        ]
    },
    "31N": {
        "harbor": [
            0.7147401571273804,
            0.788923978805542,
            0.9031628370285034
        ]
    },
    "36W": {
        "harbor": [
            0.7640902996063232,
            0.7303252816200256,
            0.3020689785480499
        ]
    },
    "55G": {
        "harbor": [
            0.7987808585166931,
            0.8986517190933228,
            0.21304817497730255
        ]
    },
    "29T": {
        "harbor": [
            0.8677500486373901,
            0.8461434841156006,
            0.9189743995666504
        ]
    },
    "6K": {
        "harbor": [
            0.6480594873428345,
            0.6799573302268982,
            0.6883332133293152
        ]
    },
    "49M": {
        "harbor": [
            0.6976872682571411,
            0.7368643283843994,
            0.5369081497192383
        ]
    },
    "50K": {
        "harbor": [
            0.9291064739227295,
            0.9285275936126709,
            0.8120299577713013
        ]
    },
    "55H": {
        "harbor": [
            0.7707224488258362,
            0.8305596709251404,
            0.83890300989151
        ]
    },
    "34S": {
        "harbor": [
            0.9371197819709778,
            0.9057167172431946,
            0.9351334571838379
        ]
    },
    "19P": {
        "harbor": [
            0.8162025213241577,
            0.8828396201133728,
            0.8102524876594543
        ]
    },
    "32T": {
        "harbor": [
            0.9467993378639221,
            0.953683614730835,
            0.8451086282730103
        ]
    },
    "30S": {
        "harbor": [
            0.9196550846099854,
            0.9592698812484741,
            0.9793791770935059
        ]
    },
    "52R": {
        "harbor": [
            0.8646789789199829,
            0.8066840171813965,
            0.8442978858947754
        ]
    },
    "40R": {
        "harbor": [
            0.8343216180801392,
            0.9154478907585144,
            0.8633581399917603
        ]
    },
    "22M": {
        "harbor": [
            0.3321987986564636,
            0.4324488341808319,
            0.07114215940237045
        ]
    },
    "20P": {
        "harbor": [
            0.5361005067825317,
            0.5681847333908081,
            0.35785046219825745
        ]
    },
    "48P": {
        "harbor": [
            0.7412983775138855,
            0.869629442691803,
            0.23633748292922974
        ]
    },
    "54T": {
        "harbor": [
            0.881416380405426,
            0.9144707918167114,
            0.9499742388725281
        ]
    },
    "46Q": {
        "harbor": [
            0.4971553683280945,
            0.26413440704345703,
            0.09691803902387619
        ]
    },
    "16P": {
        "harbor": [
            0.6293784976005554,
            0.8049564361572266,
            0.7378301024436951
        ]
    },
    "52S": {
        "harbor": [
            0.8833310604095459,
            0.9351039528846741,
            0.8488412499427795
        ]
    },
    "52T": {
        "harbor": [
            0.8794249892234802,
            0.9343377947807312,
            0.6702863574028015
        ]
    },
    "50R": {
        "harbor": [
            0.8389830589294434,
            0.9536544680595398,
            0.8335350155830383
        ]
    },
    "36R": {
        "harbor": [
            0.601650059223175,
            0.704341471195221,
            0.43792301416397095
        ]
    },
    "50S": {
        "harbor": [
            0.7890203595161438,
            0.6982290744781494,
            0.2941570281982422
        ]
    },
    "33V": {
        "harbor": [
            0.5534806251525879,
            0.6185990571975708,
            0.08082189410924911
        ]
    },
    "37T": {
        "harbor": [
            0.9445337057113647,
            0.8947243690490723,
            0.7200735807418823
        ]
    },
    "37W": {
        "harbor": [
            0.762700617313385,
            0.6336270570755005,
            0.30818629264831543
        ]
    },
    "22H": {
        "harbor": [
            0.6940844655036926,
            0.6931655406951904,
            0.39346396923065186
        ]
    },