{
    "30U": {
        "bridge": [
            0.2077491283416748,
            0.3833446502685547,
            0.9446206092834473
        ]
    },
    "20Q": {
        "bridge": [
            0.026818856596946716,
            0.15427517890930176,
            0.030755531042814255
        ]
    },
    "11S": {
        "bridge": [
            0.16150996088981628,
            0.20933642983436584,
            0.569742739200592
        ]
    },
    "10U": {
        "bridge": [
            0.05993260070681572,
            0.1170029491186142,
            0.08801420032978058
        ]
    },
    "31U": {
        "bridge": [
            0.1854623705148697,
            0.4966428577899933,
            0.9462717175483704
        ]
    },
    "14R": {
        "bridge": [
            0.0667736828327179,
            0.11953199654817581,
            0.05385568365454674
        ]
    },
    "19T": {
        "bridge": [
            0.13581466674804688,
            0.13817138969898224,
            0.7232605218887329
        ]
    },
    "54H": {
        "bridge": [
            0.038970716297626495,
            0.1073683351278305,
            0.13356295228004456
        ]
    },
    "14U": {
        "bridge": [
            0.028812266886234283,
            0.022914329543709755,
            0.015860410407185555
        ]
    },
    "17S": {
        "bridge": [
            0.16252954304218292,
            0.11100241541862488,
            0.8740339279174805
        ]
    },
    "17T": {
        "bridge": [
            0.198969304561615,
            0.32754752039909363,
            0.9841804504394531
        ]
    },
    "32U": {
        "bridge": [
            0.20635855197906494,
            0.1379396915435791,
            0.9613390564918518
        ]
    },
    "29U": {
        "bridge": [
            0.08666599541902542,
            0.14934441447257996,
            0.8197372555732727
        ]
    },
    "18T": {
        "bridge": [
            0.19729961454868317,
            0.5624957084655762,
            0.9790315628051758
        ]
    },
    "31T": {
        "bridge": [
            0.15127423405647278,
            0.43249332904815674,
            0.7519261837005615
        ]
    },
    "20M": {
        "bridge": [
            0.10549023747444153,
            0.038857076317071915,
            0.020178623497486115
        ]
    },
    "32T": {
        "bridge": [
            0.11789601296186447,
            0.12348967045545578,
            0.46334564685821533
        ]
    },
    "16T": {
        "bridge": [
            0.13279010355472565,
            0.16812312602996826,
            0.8636919260025024
        ]
    },
    "18S": {
        "bridge": [
            0.12892581522464752,
            0.23706088960170746,
            0.5632792115211487
        ]
    },
    "36T": {
        "bridge": [
            0.1040235385298729,
            0.10961799323558807,
            0.10238422453403473
        ]
    },
    "16S": {
        "bridge": [
            0.11135011166334152,
            0.29964005947113037,
            0.4789315164089203
        ]
    },
    "32V": {
        "bridge": [
            0.08919954299926758,
            0.07823287695646286,
            0.15591607987880707
        ]
    },
    "10S": {
        "bridge": [
            0.23610413074493408,
            0.676988422870636,
            0.8444215655326843
        ]
    },
    "17R": {
        "bridge": [
            0.06556776911020279,
            0.06912396848201752,
            0.5549877882003784
        ]
    },
    "34U": {
        "bridge": [
            0.0711137130856514,
            0.3283933103084564,
            0.952385663986206
        ]
    },
    "15T": {
        "bridge": [
            0.09379483014345169,
            0.2930949926376343,
            0.22746975719928741
        ]
    },
    "54S": {
        "bridge": [
            0.10840381681919098,
            0.1723964959383011,
            0.22686849534511566
        ]
    },
    "35V": {
        "bridge": [
            0.07702028751373291,
            0.09096315503120422,
            0.05456004664301872
        ]
    },
    "21J": {
        "bridge": [
            0.05400731414556503,
            0.06370034068822861,
            0.23869121074676514
        ]
    },
    "15R": {
        "bridge": [
            0.0670933648943901,
            0.0792597308754921,
            0.05693387985229492
        ]
    },
    "14S": {
        "bridge": [
            0.05869115889072418,
            0.39674070477485657,
            0.3432527184486389
        ]
    },
    "40U": {
        "bridge": [
            0.0437588207423687,
            0.06228253245353699,
            0.3173969089984894
        ]
    },
    "41U": {
        "bridge": [
            0.03434164077043533,
            0.046216532588005066,
            0.04794828221201897
        ]
    },
    "44U": {
        "bridge": [
            0.035123828798532486,
            0.08763954788446426,
            0.21552737057209015
        ]
    },
    "10T": {
        "bridge": [
            0.19048036634922028,
            0.10749777406454086,
            0.43172258138656616
        ]
    },
    "36U": {
        "bridge": [
            0.12556174397468567,
            0.25333288311958313,
            0.17311885952949524
        ]
    },
    "33U": {
        "bridge": [
            0.17768406867980957,
            0.15642820298671722,
            0.6688038110733032
        ]
    },
    "14Q": {
        "bridge": [
            0.08823893964290619,
            0.10766921192407608,
            0.09527473151683807
        ]
    },
    "51P": {
        "bridge": [
            0.07831143587827682,
            0.02823905274271965,
            0.009156120009720325
        ]
    },
    "11U": {
        "bridge": [
            0.055934447795152664,
            0.14849340915679932,
            0.9826154708862305
        ]
    },
    "36V": {
        "bridge": [
            0.11740310490131378,
            0.2315627783536911,
            0.9702601432800293
        ]
    },
    "33T": {
        "bridge": [
            0.087422676384449,
            0.14220450818538666,
            0.06061050295829773
        ]
    },
    "23K": {
        "bridge": [
            0.1436144858598709,
            0.13508901000022888,
            0.291444331407547
        ]
    },
    "16P": {
        "bridge": [
            0.1530761867761612,
            0.15531134605407715,
            0.3342868685722351
        ]
    },
    "37U": {
        "bridge": [
            0.06631647795438766,
            0.15568119287490845,
            0.5277852416038513
        ]
    },
    "37T": {
        "bridge": [
            0.06634458154439926,
            0.15137897431850433,
            0.17091572284698486
        ]
    },
    "31S": {
        "bridge": [
            0.11237983405590057,
            0.04736347123980522,
            0.28343820571899414
        ]
    },
    "13S": {
        "bridge": [
            0.10947475582361221,
            0.17691989243030548,
            0.22313189506530762
        ]
    },
    "16Q": {
        "bridge": [
            0.033946629613637924,
            0.08916935324668884,
            0.1932859569787979
        ]
    },
    "46V": {
        "bridge": [
            0.05737266689538956,
            0.05266258865594864,
            0.11532216519117355
        ]
    },
    "24L": {
        "bridge": [
            0.04756736382842064,
            0.06925375014543533,
            0.08059009909629822
        ]
    },
    "23L": {
        "bridge": [
            0.09707440435886383,
            0.12993928790092468,
            0.03468379005789757
        ]
    },
    "19Q": {
        "bridge": [
            0.05100926384329796,
            0.3190739154815674,
            0.5598451495170593
        ]
    },
    "55H": {
        "bridge": [
            0.24122752249240875,
            0.26538321375846863,
            0.2758992314338684
        ]
    },