{
    "35S": {
        "port": [
            0.49299317598342896,
            0.34060218930244446,
            0.19107884168624878
        ]
    },
    "27W": {
        "port": [
            0.21843256056308746,
            0.11846424639225006,
            0.05844598263502121
        ]
    },
    "44N": {
        "port": [
            0.4379117786884308,
            0.37368425726890564,
            0.2529469132423401
        ]
    },
    "39R": {
        "port": [
            0.6052759885787964,
            0.4870644509792328,
            0.2685837745666504
        ]
    },
    "30U": {
        "port": [
            0.4979662001132965,
            0.3233204483985901,
            0.28962206840515137
        ]
    },
    "32S": {
        "port": [
            0.5613630414009094,
            0.3096868693828583,
            0.14229018986225128
        ]
    },
    "33S": {
        "port": [
            0.4446207880973816,
            0.33588656783103943,
            0.16004757583141327
        ]
    },
    "18T": {
        "port": [
            0.33053869009017944,
            0.3038366138935089,
            0.16083499789237976
        ]
    },
    "53T": {
        "port": [
            0.397092342376709,
            0.3114597499370575,
            0.08094312995672226
        ]
    },
    "59G": {
        "port": [
            0.4408002197742462,
            0.20457427203655243,
            0.14215609431266785
        ]
    },
    "19F": {
        "port": [
            0.4331907033920288,
            0.2483924925327301,
            0.09008580446243286
        ]
    },
    "43Q": {
        "port": [
            0.5741752982139587,
            0.2995142340660095,
            0.07598832994699478
        ]
    },
    "44P": {
        "port": [
            0.25738486647605896,
            0.24024024605751038,
            0.1694619059562683
        ]
    },
    "30V": {
        "port": [
            0.6701573729515076,
            0.34119734168052673,
            0.256005197763443
        ]
    },
    "31U": {
        "port": [
            0.5756922364234924,
            0.5860089063644409,
            0.2114795744419098
        ]
    },
    "30T": {
        "port": [
            0.6128478646278381,
            0.36383673548698425,
            0.14876413345336914
        ]
    },
    "12R": {
        "port": [
            0.37317320704460144,
            0.3514042794704437,
            0.17267103493213654
        ]
    },
    "19Q": {
        "port": [
            0.49912962317466736,
            0.47761934995651245,
            0.1944662481546402
        ]
    },
    "33T": {
        "port": [
            0.5382660031318665,
            0.5432413220405579,
            0.2505442798137665
        ]
    },
    "35T": {
        "port": [
            0.47664451599121094,
            0.32105085253715515,
            0.23226916790008545
        ]
    },
    "51S": {
        "port": [
            0.3676704168319702,
            0.4196804463863373,
            0.0974094495177269
        ]
    },
    "20T": {
        "port": [
            0.5710949301719666,
            0.28280797600746155,
            0.19529832899570465
        ]
    },
    "48N": {
        "port": [
            0.451890230178833,
            0.30642688274383545,
            0.17160677909851074
        ]
    },
    "54S": {
        "port": [
            0.5762988924980164,
            0.5046615600585938,
            0.33379098773002625
        ]
    },
    "53H": {
        "port": [
            0.21313980221748352,
            0.27516618371009827,
            0.044207703322172165
        ]
    },
    "36S": {
        "port": [
            0.49431589245796204,
            0.3375868499279022,
            0.1923268735408783
        ]
    },
    "31N": {
        "port": [
            0.2675262987613678,
            0.17674432694911957,
            0.20384575426578522
        ]
    },
    "36W": {
        "port": [
            0.362959623336792,
            0.26368004083633423,
            0.06140967085957527
        ]
    },
    "55G": {
        "port": [
            0.3178795278072357,
            0.22154639661312103,
            0.054401252418756485
        ]
    },
    "29T": {
        "port": [
            0.46204066276550293,
            0.30354300141334534,
            0.26169952750205994
        ]
    },
    "6K": {
        "port": [
            0.2163047045469284,
            0.16051404178142548,
            0.1258222460746765
        ]
    },
    "49M": {
        "port": [
            0.42328110337257385,
            0.2379663735628128,
            0.09186920523643494
        ]
    },
    "50K": {
        "port": [
            0.6564542651176453,
            0.5700716376304626,
            0.25135114789009094
        ]
    },
    "55H": {
        "port": [
            0.3582988977432251,
            0.2130557894706726,
            0.18621893227100372
        ]
    },
    "34S": {
        "port": [
            0.626019299030304,
            0.3754837214946747,
            0.3376365303993225
        ]
    },
    "19P": {
        "port": [
            0.4192821979522705,
            0.30511561036109924,
            0.2129840850830078
        ]
    },
    "32T": {
        "port": [
            0.7287401556968689,
            0.49407854676246643,
            0.18065854907035828
        ]
    },
    "30S": {
        "port": [
            0.5821143388748169,
            0.43885233998298645,
            0.34689992666244507
        ]
    },
    "52R": {
        "port": [
            0.43371444940567017,
            0.23539242148399353,
            0.1598585546016693
        ]
    },
    "40R": {
        "port": [
            0.5467125177383423,
            0.3944177031517029,
            0.1494237631559372
        ]
    },
    "22M": {
        "port": [
            0.161521777510643,
            0.09875772893428802,
            0.017984669655561447
        ]
    },
    "20P": {
        "port": [
            0.21560367941856384,
            0.16051822900772095,
            0.07646100223064423
        ]
    },
    "48P": {
        "port": [
            0.30788812041282654,
            0.2937854528427124,
            0.08880013227462769
        ]
    },
    "54T": {
        "port": [
            0.4364794194698334,
            0.4145098328590393,
            0.25914713740348816
        ]
    },
    "46Q": {
        "port": [
            0.14053840935230255,
            0.06761530041694641,
            0.02019449695944786
        ]
    },
    "16P": {
        "port": [
            0.26251503825187683,
            0.2889857292175293,
            0.13977999985218048
        ]
    },
    "52S": {
        "port": [
            0.4799428880214691,
            0.534970760345459,
            0.21279865503311157
        ]
    },
    "52T": {
        "port": [
            0.43415340781211853,
            0.3400997519493103,
            0.2118438482284546
        ]
    },
    "50R": {
        "port": [
            0.33541378378868103,
            0.34360113739967346,
            0.15161921083927155
        ]
    },
    "36R": {
        "port": [
            0.28942301869392395,
            0.20848330855369568,
            0.08863260596990585
        ]
    },
    "50S": {
        "port": [
            0.33072134852409363,
            0.22895348072052002,
            0.05020704120397568
        ]
    },
    "33V": {
        "port": [
            0.2891002595424652,
            0.15651847422122955,
            0.04858659207820892
        ]
    },
    "37T": {
        "port": [
            0.626785933971405,
            0.4059637784957886,
            0.15422384440898895
        ]
    },
    "37W": {
        "port": [
            0.4638277590274811,
            0.23886999487876892,
            0.061661962419748306
        ]
    },
    "22H": {
        "port": [
            0.2676429748535156,
            0.22582083940505981,
            0.06036335974931717
        ]
    },