{
    "30U": {
        "small vehicle": [
            0.8146024942398071,
            0.6936286687850952,
            0.2830495238304138
        ]
    },
    "20Q": {
        "small vehicle": [
            0.42092686891555786,
            0.5277091860771179,
            0.04338176175951958
        ]
    },
    "11S": {
        "small vehicle": [
            0.793472945690155,
            0.7290624380111694,
            0.9033482074737549
        ]
    },
    "10U": {
        "small vehicle": [
            0.5435337424278259,
            0.7093344926834106,
            0.4533153474330902
        ]
    },
    "31U": {
        "small vehicle": [
            0.7345321178436279,
            0.5775289535522461,
            0.3717598021030426
        ]
    },
    "14R": {
        "small vehicle": [
            0.6045655012130737,
            0.6697967648506165,
            0.5896812677383423
        ]
    },
    "19T": {
        "small vehicle": [
            0.717064619064331,
            0.5925312042236328,
            0.2968306541442871
        ]
    },
    "54H": {
        "small vehicle": [
            0.4068765640258789,
            0.24727043509483337,
            0.09736155718564987
        ]
    },
    "14U": {
        "small vehicle": [
            0.15382120013237,
            0.10487762093544006,
            0.10807684063911438
        ]
    },
    "17S": {
        "small vehicle": [
            0.8721821904182434,
            0.6544139385223389,
            0.2769192159175873
        ]
    },
    "17T": {
        "small vehicle": [
            0.9329246282577515,
            0.6962066292762756,
            0.5788812041282654
        ]
    },
    "32U": {
        "small vehicle": [
            0.713732123374939,
            0.7556179761886597,
            0.4598213732242584
        ]
    },
    "29U": {
        "small vehicle": [
            0.6781927347183228,
            0.3927505910396576,
            0.1752837747335434
        ]
    },
    "18T": {
        "small vehicle": [
            0.8519691824913025,
            0.7839247584342957,
            0.85996413230896
        ]
    },
    "31T": {
        "small vehicle": [
            0.831052303314209,
            0.5347317457199097,
            0.4304189085960388
        ]
    },
    "20M": {
        "small vehicle": [
            0.32176822423934937,
            0.11983966827392578,
            0.19799363613128662
        ]
    },
    "32T": {
        "small vehicle": [
            0.5697372555732727,
            0.5053982734680176,
            0.19756783545017242
        ]
    },
    "16T": {
        "small vehicle": [
            0.6101656556129456,
            0.7272030115127563,
            0.2306903749704361
        ]
    },
    "18S": {
        "small vehicle": [
            0.7810057401657104,
            0.7979368567466736,
            0.4652255177497864
        ]
    },
    "36T": {
        "small vehicle": [
            0.5276482105255127,
            0.7062777280807495,
            0.38238444924354553
        ]
    },
    "16S": {
        "small vehicle": [
            0.7871153354644775,
            0.6800079345703125,
            0.26155635714530945
        ]
    },
    "32V": {
        "small vehicle": [
            0.48235130310058594,
            0.5232114791870117,
            0.10206880420446396
        ]
    },
    "10S": {
        "small vehicle": [
            0.7277109622955322,
            0.7725574970245361,
            0.5111831426620483
        ]
    },
    "17R": {
        "small vehicle": [
            0.5043687224388123,
            0.36521095037460327,
            0.37314239144325256
        ]
    },
    "34U": {
        "small vehicle": [
            0.5942749381065369,
            0.7567275166511536,
            0.6288222074508667
        ]
    },
    "15T": {
        "small vehicle": [
            0.5288749933242798,
            0.6985218524932861,
            0.30979570746421814
        ]
    },
    "54S": {
        "small vehicle": [
            0.5674586296081543,
            0.38833826780319214,
            0.141151562333107
        ]
    },
    "35V": {
        "small vehicle": [
            0.4234708547592163,
            0.19462549686431885,
            0.13993428647518158
        ]
    },
    "21J": {
        "small vehicle": [
            0.5056507587432861,
            0.23555906116962433,
            0.047384098172187805
        ]
    },
    "15R": {
        "small vehicle": [
            0.5587208271026611,
            0.5029443502426147,
            0.33753231167793274
        ]
    },
    "14S": {
        "small vehicle": [
            0.7260273694992065,
            0.9180940389633179,
            0.5906457304954529
        ]
    },
    "40U": {
        "small vehicle": [
            0.4771292507648468,
            0.39948680996894836,
            0.10324246436357498
        ]
    },
    "41U": {
        "small vehicle": [
            0.2917627692222595,
            0.4342351257801056,
            0.3763394355773926
        ]
    },
    "44U": {
        "small vehicle": [
            0.29591530561447144,
            0.40683653950691223,
            0.09204530715942383
        ]
    },
    "10T": {
        "small vehicle": [
            0.6819354295730591,
            0.49420446157455444,
            0.29396575689315796
        ]
    },
    "36U": {
        "small vehicle": [
            0.5529861450195312,
            0.6342028975486755,
            0.1968492716550827
        ]
    },
    "33U": {
        "small vehicle": [
            0.6061235666275024,
            0.5929902195930481,
            0.37980538606643677
        ]
    },
    "14Q": {
        "small vehicle": [
            0.7037593722343445,
            0.17746026813983917,
            0.05193004384636879
        ]
    },
    "51P": {
        "small vehicle": [
            0.4980289340019226,
            0.08747505396604538,
            0.08752091228961945
        ]
    },
    "11U": {
        "small vehicle": [
            0.49172845482826233,
            0.7198864221572876,
            0.7301703095436096
        ]
    },
    "36V": {
        "small vehicle": [
            0.6233310103416443,
            0.754889190196991,
            0.693560779094696
        ]
    },
    "33T": {
        "small vehicle": [
            0.7191029191017151,
            0.4892514646053314,
            0.221313014626503
        ]
    },
    "23K": {
        "small vehicle": [
            0.6035903692245483,
            0.34325918555259705,
            0.24532514810562134
        ]
    },
    "16P": {
        "small vehicle": [
            0.5295755863189697,
            0.4801485538482666,
            0.2206943929195404
        ]
    },
    "37U": {
        "small vehicle": [
            0.5702731609344482,
            0.5224577188491821,
            0.38964906334877014
        ]
    },
    "37T": {
        "small vehicle": [
            0.5928614735603333,
            0.6265990734100342,
            0.6757702231407166
        ]
    },
    "31S": {
        "small vehicle": [
            0.42127034068107605,
            0.22757190465927124,
            0.15609432756900787
        ]
    },
    "13S": {
        "small vehicle": [
            0.6936875581741333,
            0.62039715051651,
            0.30334189534187317
        ]
    },
    "16Q": {
        "small vehicle": [
            0.2548033595085144,
            0.2175426483154297,
            0.09273641556501389
        ]
    },
    "46V": {
        "small vehicle": [
            0.513077974319458,
            0.7036810517311096,
            0.21866990625858307
        ]
    },
    "24L": {
        "small vehicle": [
            0.43986207246780396,
            0.19093778729438782,
            0.15401218831539154
        ]
    },
    "23L": {
        "small vehicle": [
            0.5784412622451782,
            0.3647003769874573,
            0.6644846796989441
        ]
    },