{
    "30U": {
        "storage tank": [
            0.7968541383743286,
            0.933675229549408,
            0.9781513214111328
        ]
    },
    "20Q": {
        "storage tank": [
            0.12048979103565216,
            0.12214302271604538,
            0.006678755860775709
        ]
    },
    "11S": {
        "storage tank": [
            0.653141438961029,
            0.9580479860305786,
            0.9903683662414551
        ]
    },
    "10U": {
        "storage tank": [
            0.3786482512950897,
            0.8105588555335999,
            0.12428021430969238
        ]
    },
    "31U": {
        "storage tank": [
            0.7592878937721252,
            0.9893741011619568,
            0.86915123462677
        ]
    },
    "14R": {
        "storage tank": [
            0.4780500531196594,
            0.8173577785491943,
            0.04487239196896553
        ]
    },
    "19T": {
        "storage tank": [
            0.561980128288269,
            0.9331386685371399,
            0.3817789852619171
        ]
    },
    "54H": {
        "storage tank": [
            0.2645464241504669,
            0.29121890664100647,
            0.013669347390532494
        ]
    },
    "14U": {
        "storage tank": [
            0.07380079478025436,
            0.08297792822122574,
            0.0049408068880438805
        ]
    },
    "17S": {
        "storage tank": [
            0.5319799184799194,
            0.6965002417564392,
            0.6877233982086182
        ]
    },
    "17T": {
        "storage tank": [
            0.5515478849411011,
            0.954818844795227,
            0.47315332293510437
        ]
    },
    "32U": {
        "storage tank": [
            0.7205938696861267,
            0.9795279502868652,
            0.9970507621765137
        ]
    },
    "29U": {
        "storage tank": [
            0.44519904255867004,
            0.6825749278068542,
            0.04137039929628372
        ]
    },
    "18T": {
        "storage tank": [
            0.808876633644104,
            0.923721194267273,
            0.9695369005203247
        ]
    },
    "31T": {
        "storage tank": [
            0.6497910618782043,
            0.8856772780418396,
            0.8825892210006714
        ]
    },
    "20M": {
        "storage tank": [
            0.27314233779907227,
            0.2914022207260132,
            0.06660165637731552
        ]
    },
    "32T": {
        "storage tank": [
            0.4528729021549225,
            0.9630098342895508,
            0.11984377354383469
        ]
    },
    "16T": {
        "storage tank": [
            0.5116448998451233,
            0.9904301762580872,
            0.6501469612121582
        ]
    },
    "18S": {
        "storage tank": [
            0.7228691577911377,
            0.9077101349830627,
            0.6907037496566772
        ]
    },
    "36T": {
        "storage tank": [
            0.46405115723609924,
            0.8669787645339966,
            0.31084713339805603
        ]
    },
    "16S": {
        "storage tank": [
            0.5027675628662109,
            0.8953825235366821,
            0.6882767081260681
        ]
    },
    "32V": {
        "storage tank": [
            0.4151603579521179,
            0.91469806432724,
            0.5734580159187317
        ]
    },
    "10S": {
        "storage tank": [
            0.6343610882759094,
            0.9420843124389648,
            0.5798655152320862
        ]
    },
    "17R": {
        "storage tank": [
            0.4138622283935547,
            0.9343484044075012,
            0.11027389764785767
        ]
    },
    "34U": {
        "storage tank": [
            0.5202305316925049,
            0.9018352031707764,
            0.2370123416185379
        ]
    },
    "15T": {
        "storage tank": [
            0.5771608948707581,
            0.9923586249351501,
            0.9205942749977112
        ]
    },
    "54S": {
        "storage tank": [
            0.2896673381328583,
            0.9011228680610657,
            0.07889441400766373
        ]
    },
    "35V": {
        "storage tank": [
            0.6095346808433533,
            0.6717891097068787,
            0.09535185247659683
        ]
    },
    "21J": {
        "storage tank": [
            0.4129810035228729,
            0.5022420883178711,
            0.02864454686641693
        ]
    },
    "15R": {
        "storage tank": [
            0.4345453083515167,
            0.7074198126792908,
            0.18884506821632385
        ]
    },
    "14S": {
        "storage tank": [
            0.37544772028923035,
            0.724396288394928,
            0.6050972938537598
        ]
    },
    "40U": {
        "storage tank": [
            0.15647150576114655,
            0.3803260922431946,
            0.2212459146976471
        ]
    },
    "41U": {
        "storage tank": [
            0.22833511233329773,
            0.6754289865493774,
            0.012796487659215927
        ]
    },
    "44U": {
        "storage tank": [
            0.14954254031181335,
            0.4854470193386078,
            0.017298012971878052
        ]
    },
    "10T": {
        "storage tank": [
            0.5055283308029175,
            0.6716068983078003,
            0.3449803292751312
        ]
    },
    "36U": {
        "storage tank": [
            0.4559769630432129,
            0.8094602227210999,
            0.06986650824546814
        ]
    },
    "33U": {
        "storage tank": [
            0.6724068522453308,
            0.9022587537765503,
            0.45617449283599854
        ]
    },
    "14Q": {
        "storage tank": [
            0.7082839608192444,
            0.955264687538147,
            0.16025246679782867
        ]
    },
    "51P": {
        "storage tank": [
            0.1510152965784073,
            0.09654802083969116,
            0.06902196258306503
        ]
    },
    "11U": {
        "storage tank": [
            0.3601512908935547,
            0.6567220091819763,
            0.012290987186133862
        ]
    },
    "36V": {
        "storage tank": [
            0.4363130033016205,
            0.8267524838447571,
            0.5879316926002502
        ]
    },
    "33T": {
        "storage tank": [
            0.5525312423706055,
            0.8341152667999268,
            0.06985130906105042
        ]
    },
    "23K": {
        "storage tank": [
            0.5580050349235535,
            0.9094571471214294,
            0.9886592626571655
        ]
    },
    "16P": {
        "storage tank": [
            0.6466327905654907,
            0.9654834866523743,
            0.9577398896217346
        ]
    },
    "37U": {
        "storage tank": [
            0.7330007553100586,
            0.9571049809455872,
            0.5957942008972168
        ]
    },
    "37T": {
        "storage tank": [
            0.3838411867618561,
            0.6229854822158813,
            0.04733142629265785
        ]
    },
    "31S": {
        "storage tank": [
            0.3860587775707245,
            0.8379244804382324,
            0.08138896524906158
        ]
    },
    "13S": {
        "storage tank": [
            0.7366633415222168,
            0.9780283570289612,
            0.7777162194252014
        ]
    },
    "16Q": {
        "storage tank": [
            0.1340288370847702,
            0.24924376606941223,
            0.08311663568019867
        ]
    },
    "46V": {
        "storage tank": [
            0.2077125608921051,
            0.4066004157066345,
            0.01370542123913765
        ]
    },
    "24L": {
        "storage tank": [
            0.2718283236026764,
            0.34456706047058105,
            0.01386949047446251
        ]
    },
    "23L": {
        "storage tank": [
            0.26585349440574646,
            0.5979194045066833,
            0.052626702934503555
        ]
    },