{
    "50K": {
        "small vehicle": [
            0.7047045230865479,
            0.11412537842988968,
            0.02138233184814453
        ]
    },
    "30T": {
        "small vehicle": [
            0.47012144327163696,
            0.250385582447052,
            0.0112314997240901
        ]
    },
    "32U": {
        "small vehicle": [
            0.31112903356552124,
            0.1848190873861313,
            0.021886344999074936
        ]
    },
    "43Q": {
        "small vehicle": [
            0.5137377381324768,
            0.23561818897724152,
            0.012293986044824123
        ]
    },
    "55H": {
        "small vehicle": [
            0.6022316217422485,
            0.4040183424949646,
            0.03591706603765488
        ]
    },
    "15R": {
        "small vehicle": [
            0.5975959300994873,
            0.6964992880821228,
            0.04496432840824127
        ]
    },
    "31U": {
        "small vehicle": [
            0.4863361418247223,
            0.3423696458339691,
            0.019970759749412537
        ]
    },
    "32T": {
        "small vehicle": [
            0.5536122918128967,
            0.21930564939975739,
            0.034670762717723846
        ]
    },
    "17Q": {
        "small vehicle": [
            0.08569614589214325,
            0.05800193175673485,
            0.01097137201577425
        ]
    },
    "37W": {
        "small vehicle": [
            0.37069183588027954,
            0.23835939168930054,
            0.02561388537287712
        ]
    },
    "33S": {
        "small vehicle": [
            0.41220495104789734,
            0.09598489105701447,
            0.013980135321617126
        ]
    },
    "51S": {
        "small vehicle": [
            0.670415997505188,
            0.40747183561325073,
            0.018392406404018402
        ]
    },
    "34S": {
        "small vehicle": [
            0.740734338760376,
            0.2973940074443817,
            0.05298652499914169
        ]
    },
    "32V": {
        "small vehicle": [
            0.7933003902435303,
            0.13000497221946716,
            0.01820509135723114
        ]
    },
    "18S": {
        "small vehicle": [
            0.47513720393180847,
            0.2503374218940735,
            0.01779094524681568
        ]
    },
    "56J": {
        "small vehicle": [
            0.5321521162986755,
            0.19264493882656097,
            0.03324819728732109
        ]
    },
    "33T": {
        "small vehicle": [
            0.5581282377243042,
            0.48328566551208496,
            0.09065259248018265
        ]
    },
    "30U": {
        "small vehicle": [
            0.6781822443008423,
            0.3314903974533081,
            0.030395664274692535
        ]
    },
    "17S": {
        "small vehicle": [
            0.3369061350822449,
            0.17082081735134125,
            0.020387887954711914
        ]
    },
    "37T": {
        "small vehicle": [
            0.3845616281032562,
            0.33966901898384094,
            0.03130723908543587
        ]
    },
    "20T": {
        "small vehicle": [
            0.2918418049812317,
            0.046727050095796585,
            0.01087829377502203
        ]
    },
    "20H": {
        "small vehicle": [
            0.557439923286438,
            0.3266346752643585,
            0.02228390984237194
        ]
    },
    "16R": {
        "small vehicle": [
            0.6978909969329834,
            0.3756306767463684,
            0.0778559148311615
        ]
    },
    "4Q": {
        "small vehicle": [
            0.14407728612422943,
            0.04937390238046646,
            0.021439451724290848
        ]
    },
    "34U": {
        "small vehicle": [
            0.22501182556152344,
            0.08071710169315338,
            0.008866475895047188
        ]
    },
    "54S": {
        "small vehicle": [
            0.6873232126235962,
            0.6323824524879456,
            0.13455350697040558
        ]
    },
    "30S": {
        "small vehicle": [
            0.5386484861373901,
            0.2440483123064041,
            0.045415062457323074
        ]
    },
    "18T": {
        "small vehicle": [
            0.37689298391342163,
            0.17956209182739258,
            0.01761654205620289
        ]
    },
    "54T": {
        "small vehicle": [
            0.22786961495876312,
            0.0626162737607956,
            0.02307317778468132
        ]
    },
    "17M": {
        "small vehicle": [
            0.24204745888710022,
            0.08991698920726776,
            0.004513859748840332
        ]
    },
    "53S": {
        "small vehicle": [
            0.5576155185699463,
            0.528022050857544,
            0.0216705109924078
        ]
    },
    "18N": {
        "small vehicle": [
            0.13913129270076752,
            0.0387050099670887,
            0.015766127035021782
        ]
    },
    "20P": {
        "small vehicle": [
            0.15329787135124207,
            0.07538938522338867,
            0.035092178732156754
        ]
    },
    "10T": {
        "small vehicle": [
            0.5436184406280518,
            0.2864117920398712,
            0.04637115076184273
        ]
    },
    "50H": {
        "small vehicle": [
            0.3807011544704437,
            0.08679108321666718,
            0.015836641192436218
        ]
    },
    "48N": {
        "small vehicle": [
            0.5411674380302429,
            0.5826489329338074,
            0.23789948225021362
        ]
    },
    "18H": {
        "small vehicle": [
            0.16953210532665253,
            0.030668091028928757,
            0.026175137609243393
        ]
    },
    "19Q": {
        "small vehicle": [
            0.15651872754096985,
            0.05189221724867821,
            0.041619811207056046
        ]
    },
    "10S": {
        "small vehicle": [
            0.43351492285728455,
            0.08831612020730972,
            0.031022459268569946
        ]
    },
    "19T": {
        "small vehicle": [
            0.508478045463562,
            0.2619720995426178,
            0.038850970566272736
        ]
    },
    "10U": {
        "small vehicle": [
            0.5280706882476807,
            0.21250556409358978,
            0.04656161367893219
        ]
    },
    "29U": {
        "small vehicle": [
            0.6319544911384583,
            0.3444158732891083,
            0.07065699249505997
        ]
    },
    "16T": {
        "small vehicle": [
            0.5791032910346985,
            0.3234226703643799,
            0.15045328438282013
        ]
    },
    "38P": {
        "small vehicle": [
            0.16747836768627167,
            0.06890222430229187,
            0.01873631589114666
        ]
    },
    "6K": {
        "small vehicle": [
            0.6080422401428223,
            0.05737441033124924,
            0.027265895158052444
        ]
    },
    "33U": {
        "small vehicle": [
            0.19492055475711823,
            0.03812722861766815,
            0.0039151506498456
        ]
    },
    "17R": {
        "small vehicle": [
            0.8706312775611877,
            0.7014827728271484,
            0.34650930762290955
        ]
    },
    "51P": {
        "small vehicle": [
            0.10443409532308578,
            0.052992887794971466,
            0.004584296606481075
        ]
    },
    "11S": {
        "small vehicle": [
            0.6041252017021179,
            0.2139768898487091,
            0.03447629511356354
        ]
    },
    "57U": {
        "small vehicle": [
            0.24579206109046936,
            0.07737453281879425,
            0.015010496601462364
        ]
    },
    "52S": {
        "small vehicle": [
            0.36902815103530884,
            0.04814601317048073,
            0.014020102098584175
        ]
    },