{
    "30U": {
        "swimming pool": [
            0.5221804976463318,
            0.939389169216156,
            0.88808673620224
        ]
    },
    "20Q": {
        "swimming pool": [
            0.05573904886841774,
            0.13926711678504944,
            0.023819196969270706
        ]
    },
    "11S": {
        "swimming pool": [
            0.8319903016090393,
            0.9961495399475098,
            0.9985576272010803
        ]
    },
    "10U": {
        "swimming pool": [
            0.145469531416893,
            0.8223833441734314,
            0.14847508072853088
        ]
    },
    "31U": {
        "swimming pool": [
            0.6639758944511414,
            0.9860833287239075,
            0.8317307233810425
        ]
    },
    "14R": {
        "swimming pool": [
            0.4851910471916199,
            0.992668867111206,
            0.8865486979484558
        ]
    },
    "19T": {
        "swimming pool": [
            0.8107448220252991,
            0.9934259653091431,
            0.983278214931488
        ]
    },
    "54H": {
        "swimming pool": [
            0.10748291015625,
            0.18416447937488556,
            0.01092213112860918
        ]
    },
    "14U": {
        "swimming pool": [
            0.027043072506785393,
            0.017526356503367424,
            0.0016909986734390259
        ]
    },
    "17S": {
        "swimming pool": [
            0.8940392732620239,
            0.9422751069068909,
            0.8843509554862976
        ]
    },
    "17T": {
        "swimming pool": [
            0.9038562774658203,
            0.9923301339149475,
            0.980072021484375
        ]
    },
    "32U": {
        "swimming pool": [
            0.47684967517852783,
            0.9071004986763,
            0.959176778793335
        ]
    },
    "29U": {
        "swimming pool": [
            0.2891601026058197,
            0.9275063872337341,
            0.6268094778060913
        ]
    },
    "18T": {
        "swimming pool": [
            0.7482983469963074,
            0.9977827668190002,
            0.8860446214675903
        ]
    },
    "31T": {
        "swimming pool": [
            0.6244783401489258,
            0.9896115064620972,
            0.9246453046798706
        ]
    },
    "20M": {
        "swimming pool": [
            0.7701871395111084,
            0.9843213558197021,
            0.9002634286880493
        ]
    },
    "32T": {
        "swimming pool": [
            0.7354252338409424,
            0.9819549918174744,
            0.7110483050346375
        ]
    },
    "16T": {
        "swimming pool": [
            0.47709864377975464,
            0.931244969367981,
            0.8102781772613525
        ]
    },
    "18S": {
        "swimming pool": [
            0.587437629699707,
            0.9843184351921082,
            0.9396149516105652
        ]
    },
    "36T": {
        "swimming pool": [
            0.23505276441574097,
            0.797050416469574,
            0.7382771968841553
        ]
    },
    "16S": {
        "swimming pool": [
            0.28210553526878357,
            0.43581897020339966,
            0.1540871560573578
        ]
    },
    "32V": {
        "swimming pool": [
            0.5139139294624329,
            0.7310556769371033,
            0.11100056022405624
        ]
    },
    "10S": {
        "swimming pool": [
            0.8878003358840942,
            0.9846277236938477,
            0.9934198260307312
        ]
    },
    "17R": {
        "swimming pool": [
            0.3022362291812897,
            0.9710092544555664,
            0.5631966590881348
        ]
    },
    "34U": {
        "swimming pool": [
            0.4841139316558838,
            0.8816288113594055,
            0.728989839553833
        ]
    },
    "15T": {
        "swimming pool": [
            0.25771623849868774,
            0.7599242329597473,
            0.3639284074306488
        ]
    },
    "54S": {
        "swimming pool": [
            0.41905680298805237,
            0.8729103207588196,
            0.8623368144035339
        ]
    },
    "35V": {
        "swimming pool": [
            0.2614970803260803,
            0.5418258905410767,
            0.5806353092193604
        ]
    },
    "21J": {
        "swimming pool": [
            0.7160192131996155,
            0.7318060398101807,
            0.7886021733283997
        ]
    },
    "15R": {
        "swimming pool": [
            0.5227034687995911,
            0.9859082102775574,
            0.8972113728523254
        ]
    },
    "14S": {
        "swimming pool": [
            0.20552697777748108,
            0.9294683337211609,
            0.5127211809158325
        ]
    },
    "40U": {
        "swimming pool": [
            0.1015852615237236,
            0.45794492959976196,
            0.5166905522346497
        ]
    },
    "41U": {
        "swimming pool": [
            0.08056607842445374,
            0.12823686003684998,
            0.026269828900694847
        ]
    },
    "44U": {
        "swimming pool": [
            0.14673028886318207,
            0.1986408531665802,
            0.01657450571656227
        ]
    },
    "10T": {
        "swimming pool": [
            0.5868663191795349,
            0.9868544340133667,
            0.9463881850242615
        ]
    },
    "36U": {
        "swimming pool": [
            0.2832292914390564,
            0.9201083779335022,
            0.18324579298496246
        ]
    },
    "33U": {
        "swimming pool": [
            0.4574531614780426,
            0.9189386963844299,
            0.9800450205802917
        ]
    },
    "14Q": {
        "swimming pool": [
            0.6542144417762756,
            0.9513766765594482,
            0.9433176517486572
        ]
    },
    "51P": {
        "swimming pool": [
            0.32027876377105713,
            0.6791384220123291,
            0.949056088924408
        ]
    },
    "11U": {
        "swimming pool": [
            0.11067315191030502,
            0.08450216054916382,
            0.05218566209077835
        ]
    },
    "36V": {
        "swimming pool": [
            0.2408069372177124,
            0.9570272564888,
            0.391011118888855
        ]
    },
    "33T": {
        "swimming pool": [
            0.3789388835430145,
            0.9066476821899414,
            0.5565630197525024
        ]
    },
    "23K": {
        "swimming pool": [
            0.45511531829833984,
            0.9505488872528076,
            0.9511463642120361
        ]
    },
    "16P": {
        "swimming pool": [
            0.594025731086731,
            0.9372584223747253,
            0.7471343874931335
        ]
    },
    "37U": {
        "swimming pool": [
            0.21742936968803406,
            0.9224368929862976,
            0.5112040042877197
        ]
    },
    "37T": {
        "swimming pool": [
            0.17141853272914886,
            0.6765090823173523,
            0.568261444568634
        ]
    },
    "31S": {
        "swimming pool": [
            0.7592909336090088,
            0.9633643627166748,
            0.812563955783844
        ]
    },
    "13S": {
        "swimming pool": [
            0.21166373789310455,
            0.459807813167572,
            0.6070766448974609
        ]
    },
    "16Q": {
        "swimming pool": [
            0.10283201187849045,
            0.5998221039772034,
            0.9098302721977234
        ]
    },
    "46V": {
        "swimming pool": [
            0.20302075147628784,
            0.36394909024238586,
            0.03425868600606918
        ]
    },
    "24L": {
        "swimming pool": [
            0.21353508532047272,
            0.3536064326763153,
            0.036552198231220245
        ]
    },
    "23L": {
        "swimming pool": [
            0.8846040368080139,
            0.9808295965194702,
            0.823005735874176
        ]
    },