{
    "29U": {
        "wind farm": [
            0.27911174297332764,
            0.15320999920368195,
            0.03090638853609562
        ]
    },
    "47R": {
        "wind farm": [
            0.1346023827791214,
            0.10590483993291855,
            0.05310984328389168
        ]
    },
    "54H": {
        "wind farm": [
            0.44643136858940125,
            0.17309191823005676,
            0.0846482440829277
        ]
    },
    "23L": {
        "wind farm": [
            0.15456485748291016,
            0.13372130692005157,
            0.025389712303876877
        ]
    },
    "46T": {
        "wind farm": [
            0.3363097012042999,
            0.1589335948228836,
            0.06299176812171936
        ]
    },
    "49T": {
        "wind farm": [
            0.3312810957431793,
            0.15361379086971283,
            0.10252076387405396
        ]
    },
    "53S": {
        "wind farm": [
            0.15787000954151154,
            0.060075096786022186,
            0.021676963195204735
        ]
    },
    "43P": {
        "wind farm": [
            0.29396578669548035,
            0.1684599667787552,
            0.0932622104883194
        ]
    },
    "48S": {
        "wind farm": [
            0.19508850574493408,
            0.13816389441490173,
            0.03632356598973274
        ]
    },
    "15Q": {
        "wind farm": [
            0.26412540674209595,
            0.10697580873966217,
            0.1510569304227829
        ]
    },
    "50T": {
        "wind farm": [
            0.2493821233510971,
            0.14053641259670258,
            0.05581209436058998
        ]
    },
    "45T": {
        "wind farm": [
            0.24116796255111694,
            0.20160332322120667,
            0.0725596696138382
        ]
    },
    "19G": {
        "wind farm": [
            0.19619177281856537,
            0.10551310330629349,
            0.04869648069143295
        ]
    },
    "29S": {
        "wind farm": [
            0.2757464647293091,
            0.15167810022830963,
            0.028764517977833748
        ]
    },
    "33U": {
        "wind farm": [
            0.22485420107841492,
            0.12726707756519318,
            0.024724937975406647
        ]
    },
    "51R": {
        "wind farm": [
            0.32415103912353516,
            0.26642104983329773,
            0.05128544196486473
        ]
    },
    "32U": {
        "wind farm": [
            0.28284409642219543,
            0.1444733440876007,
            0.038810230791568756
        ]
    },
    "22J": {
        "wind farm": [
            0.3045000433921814,
            0.1443261206150055,
            0.057684656232595444
        ]
    },
    "51T": {
        "wind farm": [
            0.2575167715549469,
            0.1311081051826477,
            0.034518901258707047
        ]
    },
    "38V": {
        "wind farm": [
            0.1522274911403656,
            0.07852695137262344,
            0.019809670746326447
        ]
    },
    "34U": {
        "wind farm": [
            0.2876233160495758,
            0.13507817685604095,
            0.07485289871692657
        ]
    },
    "43R": {
        "wind farm": [
            0.08347848802804947,
            0.07808485627174377,
            0.02342962473630905
        ]
    },
    "32S": {
        "wind farm": [
            0.1488138735294342,
            0.10229786485433578,
            0.025658847764134407
        ]
    },
    "60G": {
        "wind farm": [
            0.12029489874839783,
            0.11050446331501007,
            0.04716811701655388
        ]
    },
    "50J": {
        "wind farm": [
            0.11884838342666626,
            0.07402141392230988,
            0.028115978464484215
        ]
    },
    "30S": {
        "wind farm": [
            0.18922530114650726,
            0.12063654512166977,
            0.043264392763376236
        ]
    },
    "13S": {
        "wind farm": [
            0.306235671043396,
            0.06081617623567581,
            0.007175920065492392
        ]
    },
    "14S": {
        "wind farm": [
            0.12153156101703644,
            0.14720478653907776,
            0.037294961512088776
        ]
    },
    "51S": {
        "wind farm": [
            0.25364920496940613,
            0.15756022930145264,
            0.05015440285205841
        ]
    },
    "49Q": {
        "wind farm": [
            0.2739675045013428,
            0.16280770301818848,
            0.07000705599784851
        ]
    },
    "34T": {
        "wind farm": [
            0.14404134452342987,
            0.14459677040576935,
            0.017877792939543724
        ]
    },
    "37T": {
        "wind farm": [
            0.11181225627660751,
            0.09961486607789993,
            0.015180001966655254
        ]
    },
    "55H": {
        "wind farm": [
            0.2007039338350296,
            0.13225054740905762,
            0.048088911920785904
        ]
    },
    "19J": {
        "wind farm": [
            0.21276022493839264,
            0.20749163627624512,
            0.07715887576341629
        ]
    },
    "33T": {
        "wind farm": [
            0.16732797026634216,
            0.11296910047531128,
            0.028391290456056595
        ]
    },
    "47T": {
        "wind farm": [
            0.29796844720840454,
            0.1298050433397293,
            0.03398900106549263
        ]
    },
    "48T": {
        "wind farm": [
            0.44675567746162415,
            0.12403282523155212,
            0.07614459097385406
        ]
    },
    "24M": {
        "wind farm": [
            0.2488391250371933,
            0.13377195596694946,
            0.07112473249435425
        ]
    },
    "31U": {
        "wind farm": [
            0.35088181495666504,
            0.20673906803131104,
            0.06053629145026207
        ]
    },
    "42Q": {
        "wind farm": [
            0.2499716877937317,
            0.09682179987430573,
            0.0256788469851017
        ]
    },
    "35S": {
        "wind farm": [
            0.14085222780704498,
            0.07219694554805756,
            0.028761886060237885
        ]
    },
    "44T": {
        "wind farm": [
            0.13592569530010223,
            0.09852512180805206,
            0.03729177638888359
        ]
    },
    "37S": {
        "wind farm": [
            0.1759282499551773,
            0.0827525332570076,
            0.02001538872718811
        ]
    },
    "20H": {
        "wind farm": [
            0.11100730299949646,
            0.07205010205507278,
            0.01258072443306446
        ]
    },
    "17M": {
        "wind farm": [
            0.14639604091644287,
            0.06309854984283447,
            0.0326104573905468
        ]
    },
    "29R": {
        "wind farm": [
            0.030655736103653908,
            0.014395590871572495,
            0.0031719710677862167
        ]
    },
    "30U": {
        "wind farm": [
            0.2915894389152527,
            0.13609832525253296,
            0.02618744783103466
        ]
    },
    "35T": {
        "wind farm": [
            0.16477155685424805,
            0.13769936561584473,
            0.04569119215011597
        ]
    },
    "39S": {
        "wind farm": [
            0.10819192230701447,
            0.05422484502196312,
            0.026645369827747345
        ]
    },
    "43Q": {
        "wind farm": [
            0.3546437621116638,
            0.09079396724700928,
            0.019506307318806648
        ]
    },
    "17T": {
        "wind farm": [
            0.22452615201473236,
            0.0998140424489975,
            0.09340667724609375
        ]
    },
    "22H": {
        "wind farm": [
            0.136835977435112,
            0.150285542011261,
            0.020140811800956726
        ]
    },
    "50S": {
        "wind farm": [
            0.3147178888320923,
            0.19445812702178955,
            0.0601595900952816
        ]
    },