{
    "30U": {
        "plane": [
            0.9329507350921631,
            0.9389398694038391,
            0.5393328666687012
        ]
    },
    "20Q": {
        "plane": [
            0.5095934271812439,
            0.15023882687091827,
            0.008415094576776028
        ]
    },
    "11S": {
        "plane": [
            0.8893311619758606,
            0.5808148384094238,
            0.30580082535743713
        ]
    },
    "10U": {
        "plane": [
            0.730817973613739,
            0.577113151550293,
            0.05770516395568848
        ]
    },
    "31U": {
        "plane": [
            0.7850168943405151,
            0.9549122452735901,
            0.7462336421012878
        ]
    },
    "14R": {
        "plane": [
            0.844062864780426,
            0.9544519186019897,
            0.10390643030405045
        ]
    },
    "19T": {
        "plane": [
            0.7590450644493103,
            0.6826507449150085,
            0.17698703706264496
        ]
    },
    "54H": {
        "plane": [
            0.7539183497428894,
            0.48520252108573914,
            0.02061251550912857
        ]
    },
    "14U": {
        "plane": [
            0.37877321243286133,
            0.11082861572504044,
            0.004403732717037201
        ]
    },
    "17S": {
        "plane": [
            0.790625810623169,
            0.7155664563179016,
            0.780253529548645
        ]
    },
    "17T": {
        "plane": [
            0.865149199962616,
            0.7396364808082581,
            0.355545312166214
        ]
    },
    "32U": {
        "plane": [
            0.7884926199913025,
            0.73468416929245,
            0.1199951320886612
        ]
    },
    "29U": {
        "plane": [
            0.7556911110877991,
            0.6228280663490295,
            0.05203349515795708
        ]
    },
    "18T": {
        "plane": [
            0.819020688533783,
            0.9225223064422607,
            0.6082695722579956
        ]
    },
    "31T": {
        "plane": [
            0.8425241112709045,
            0.6759541034698486,
            0.042296748608350754
        ]
    },
    "20M": {
        "plane": [
            0.5910934209823608,
            0.13362666964530945,
            0.02048628218472004
        ]
    },
    "32T": {
        "plane": [
            0.8102310299873352,
            0.4944135546684265,
            0.2733224928379059
        ]
    },
    "16T": {
        "plane": [
            0.7562668323516846,
            0.6473933458328247,
            0.5482169389724731
        ]
    },
    "18S": {
        "plane": [
            0.8044673204421997,
            0.8182474970817566,
            0.1192849725484848
        ]
    },
    "36T": {
        "plane": [
            0.8115695118904114,
            0.7634757161140442,
            0.1480283886194229
        ]
    },
    "16S": {
        "plane": [
            0.8150162100791931,
            0.6385125517845154,
            0.3551200032234192
        ]
    },
    "32V": {
        "plane": [
            0.7829917669296265,
            0.703671932220459,
            0.23322062194347382
        ]
    },
    "10S": {
        "plane": [
            0.915671169757843,
            0.9427576065063477,
            0.8799176812171936
        ]
    },
    "17R": {
        "plane": [
            0.7439218163490295,
            0.31720271706581116,
            0.27587804198265076
        ]
    },
    "34U": {
        "plane": [
            0.8747580647468567,
            0.7476757764816284,
            0.18916161358356476
        ]
    },
    "15T": {
        "plane": [
            0.7644211053848267,
            0.5718426704406738,
            0.27928900718688965
        ]
    },
    "54S": {
        "plane": [
            0.7585868835449219,
            0.2958957254886627,
            0.016258323565125465
        ]
    },
    "35V": {
        "plane": [
            0.7816433310508728,
            0.7072015404701233,
            0.03228399157524109
        ]
    },
    "21J": {
        "plane": [
            0.6947250962257385,
            0.336897611618042,
            0.014257404953241348
        ]
    },
    "15R": {
        "plane": [
            0.7806985974311829,
            0.42686355113983154,
            0.1249319389462471
        ]
    },
    "14S": {
        "plane": [
            0.7792012691497803,
            0.9024836421012878,
            0.20168468356132507
        ]
    },
    "40U": {
        "plane": [
            0.756497859954834,
            0.6979882717132568,
            0.036996085196733475
        ]
    },
    "41U": {
        "plane": [
            0.7285799980163574,
            0.8470116853713989,
            0.2976844310760498
        ]
    },
    "44U": {
        "plane": [
            0.602035403251648,
            0.3536306321620941,
            0.011369573883712292
        ]
    },
    "10T": {
        "plane": [
            0.8839749097824097,
            0.6874262094497681,
            0.18807806074619293
        ]
    },
    "36U": {
        "plane": [
            0.7444697618484497,
            0.49759358167648315,
            0.06483297795057297
        ]
    },
    "33U": {
        "plane": [
            0.8051075339317322,
            0.5877999067306519,
            0.20512889325618744
        ]
    },
    "14Q": {
        "plane": [
            0.7060844302177429,
            0.32816821336746216,
            0.021816954016685486
        ]
    },
    "51P": {
        "plane": [
            0.6492281556129456,
            0.09048373252153397,
            0.03259972110390663
        ]
    },
    "11U": {
        "plane": [
            0.7444129586219788,
            0.8997198343276978,
            0.6192814111709595
        ]
    },
    "36V": {
        "plane": [
            0.8423838019371033,
            0.8564096689224243,
            0.09227386862039566
        ]
    },
    "33T": {
        "plane": [
            0.7610142230987549,
            0.35649821162223816,
            0.01589079201221466
        ]
    },
    "23K": {
        "plane": [
            0.7080659866333008,
            0.5301423668861389,
            0.045214004814624786
        ]
    },
    "16P": {
        "plane": [
            0.6978101134300232,
            0.4856436848640442,
            0.5864763259887695
        ]
    },
    "37U": {
        "plane": [
            0.7527419924736023,
            0.846558153629303,
            0.15310075879096985
        ]
    },
    "37T": {
        "plane": [
            0.8562732934951782,
            0.6360060572624207,
            0.1450461894273758
        ]
    },
    "31S": {
        "plane": [
            0.7678385972976685,
            0.4286205470561981,
            0.02980446070432663
        ]
    },
    "13S": {
        "plane": [
            0.9065848588943481,
            0.7880422472953796,
            0.033360034227371216
        ]
    },
    "16Q": {
        "plane": [
            0.55362868309021,
            0.6241981983184814,
            0.06424960494041443
        ]
    },
    "46V": {
        "plane": [
            0.7583819031715393,
            0.5908641219139099,
            0.049324072897434235
        ]
    },
    "24L": {
        "plane": [
            0.7695194482803345,
            0.38427457213401794,
            0.13556598126888275
        ]
    },
    "23L": {
        "plane": [
            0.7006891369819641,
            0.2522321343421936,
            0.013630327768623829
        ]
    },
    "19Q": {
        "plane": [
            0.6970861554145813,
            0.3838677406311035,
            0.09613440185785294
        ]
    },
    "55H": {
        "plane": [
            0.7740579843521118,
            0.726863443851471,
            0.40747642517089844
        ]
    },
    "53S": {
        "plane": [
            0.6659179329872131,
            0.8061561584472656,
            0.022488556802272797
        ]
    },