{
    "30U": {
        "vehicle": [
            0.6777531504631042,
            0.3731631636619568,
            0.15018317103385925
        ]
    },
    "20Q": {
        "vehicle": [
            0.2141280323266983,
            0.17788493633270264,
            0.03302781656384468
        ]
    },
    "11S": {
        "vehicle": [
            0.6517602205276489,
            0.27842846512794495,
            0.17187350988388062
        ]
    },
    "10U": {
        "vehicle": [
            0.40095770359039307,
            0.26640379428863525,
            0.18246585130691528
        ]
    },
    "31U": {
        "vehicle": [
            0.5296799540519714,
            0.2904079854488373,
            0.11934006959199905
        ]
    },
    "14R": {
        "vehicle": [
            0.37275201082229614,
            0.24936601519584656,
            0.18503205478191376
        ]
    },
    "19T": {
        "vehicle": [
            0.5500349402427673,
            0.2104606032371521,
            0.0895419493317604
        ]
    },
    "54H": {
        "vehicle": [
            0.33432620763778687,
            0.1596318781375885,
            0.06357573717832565
        ]
    },
    "14U": {
        "vehicle": [
            0.11644106358289719,
            0.10256128013134003,
            0.03959151729941368
        ]
    },
    "17S": {
        "vehicle": [
            0.5916651487350464,
            0.22986221313476562,
            0.08201011270284653
        ]
    },
    "17T": {
        "vehicle": [
            0.7823604345321655,
            0.2141866832971573,
            0.2135438770055771
        ]
    },
    "32U": {
        "vehicle": [
            0.515245258808136,
            0.27549031376838684,
            0.17277666926383972
        ]
    },
    "29U": {
        "vehicle": [
            0.41575443744659424,
            0.47407642006874084,
            0.07702581584453583
        ]
    },
    "18T": {
        "vehicle": [
            0.6989712715148926,
            0.4345036745071411,
            0.18179233372211456
        ]
    },
    "31T": {
        "vehicle": [
            0.5616610050201416,
            0.18128246068954468,
            0.06847607344388962
        ]
    },
    "20M": {
        "vehicle": [
            0.28308722376823425,
            0.14803695678710938,
            0.06314355134963989
        ]
    },
    "32T": {
        "vehicle": [
            0.4433339536190033,
            0.18058060109615326,
            0.07363548874855042
        ]
    },
    "16T": {
        "vehicle": [
            0.42897236347198486,
            0.222365602850914,
            0.0726623460650444
        ]
    },
    "18S": {
        "vehicle": [
            0.5453011989593506,
            0.31247588992118835,
            0.14928223192691803
        ]
    },
    "36T": {
        "vehicle": [
            0.4232729971408844,
            0.1726316511631012,
            0.14058996737003326
        ]
    },
    "16S": {
        "vehicle": [
            0.5513405799865723,
            0.1641865223646164,
            0.16164909303188324
        ]
    },
    "32V": {
        "vehicle": [
            0.33420929312705994,
            0.15711423754692078,
            0.03264015167951584
        ]
    },
    "10S": {
        "vehicle": [
            0.6283732056617737,
            0.2006862461566925,
            0.11835658550262451
        ]
    },
    "17R": {
        "vehicle": [
            0.40817514061927795,
            0.11834511160850525,
            0.07704635709524155
        ]
    },
    "34U": {
        "vehicle": [
            0.5577663779258728,
            0.18306052684783936,
            0.10564424097537994
        ]
    },
    "15T": {
        "vehicle": [
            0.40369439125061035,
            0.2171117216348648,
            0.1455235481262207
        ]
    },
    "54S": {
        "vehicle": [
            0.4244360327720642,
            0.28673961758613586,
            0.039395771920681
        ]
    },
    "35V": {
        "vehicle": [
            0.3579650819301605,
            0.1253640204668045,
            0.060500819236040115
        ]
    },
    "21J": {
        "vehicle": [
            0.36057791113853455,
            0.053466442972421646,
            0.020644012838602066
        ]
    },
    "15R": {
        "vehicle": [
            0.3666195571422577,
            0.19210727512836456,
            0.14342623949050903
        ]
    },
    "14S": {
        "vehicle": [
            0.4165036678314209,
            0.2758927047252655,
            0.17862045764923096
        ]
    },
    "40U": {
        "vehicle": [
            0.24477164447307587,
            0.10239817947149277,
            0.04830484464764595
        ]
    },
    "41U": {
        "vehicle": [
            0.20025701820850372,
            0.12464865297079086,
            0.16836784780025482
        ]
    },
    "44U": {
        "vehicle": [
            0.23913262784481049,
            0.06927023828029633,
            0.03254040330648422
        ]
    },
    "10T": {
        "vehicle": [
            0.5683351755142212,
            0.24842992424964905,
            0.10462535172700882
        ]
    },
    "36U": {
        "vehicle": [
            0.37139755487442017,
            0.51041579246521,
            0.13736359775066376
        ]
    },
    "33U": {
        "vehicle": [
            0.4254690110683441,
            0.25441333651542664,
            0.09283197671175003
        ]
    },
    "14Q": {
        "vehicle": [
            0.43035441637039185,
            0.1628686934709549,
            0.024054542183876038
        ]
    },
    "51P": {
        "vehicle": [
            0.39215463399887085,
            0.04001988098025322,
            0.02974979765713215
        ]
    },
    "11U": {
        "vehicle": [
            0.3193052113056183,
            0.17177104949951172,
            0.11616676300764084
        ]
    },
    "36V": {
        "vehicle": [
            0.39485305547714233,
            0.18334504961967468,
            0.2046833485364914
        ]
    },
    "33T": {
        "vehicle": [
            0.5010855793952942,
            0.1770782321691513,
            0.09486778825521469
        ]
    },
    "23K": {
        "vehicle": [
            0.4248064160346985,
            0.17999112606048584,
            0.0848439484834671
        ]
    },
    "16P": {
        "vehicle": [
            0.4076315760612488,
            0.3068832755088806,
            0.1554601937532425
        ]
    },
    "37U": {
        "vehicle": [
            0.35180097818374634,
            0.23717544972896576,
            0.08925780653953552
        ]
    },
    "37T": {
        "vehicle": [
            0.4812041223049164,
            0.176066055893898,
            0.1351812779903412
        ]
    },
    "31S": {
        "vehicle": [
            0.30369850993156433,
            0.09997706115245819,
            0.06503452360630035
        ]
    },
    "13S": {
        "vehicle": [
            0.4204607903957367,
            0.21996448934078217,
            0.08123369514942169
        ]
    },
    "16Q": {
        "vehicle": [
            0.19438989460468292,
            0.07660480588674545,
            0.02785005047917366
        ]
    },
    "46V": {
        "vehicle": [
            0.32594606280326843,
            0.17133629322052002,
            0.09186479449272156
        ]
    },
    "24L": {
        "vehicle": [
            0.32844051718711853,
            0.12691730260849,
            0.10354769974946976
        ]
    },
    "23L": {
        "vehicle": [
            0.5293570160865784,
            0.14486050605773926,
            0.19550815224647522
        ]
    },
    "19Q": {
        "vehicle": [
            0.301370233297348,
            0.1441037505865097,
            0.04948831722140312
        ]
    },
    "55H": {
        "vehicle": [
            0.5184687376022339,
            0.18477454781532288,
            0.19855418801307678
        ]
    },