{
    "12T": {
        "lake or pond": [
            0.06866591423749924,
            0.038644809275865555,
            0.010661927051842213
        ]
    },
    "34U": {
        "lake or pond": [
            0.21165673434734344,
            0.20572547614574432,
            0.04666805639863014
        ]
    },
    "30T": {
        "lake or pond": [
            0.228251650929451,
            0.17373603582382202,
            0.06816272437572479
        ]
    },
    "31T": {
        "lake or pond": [
            0.18024522066116333,
            0.1388440877199173,
            0.13403573632240295
        ]
    },
    "15S": {
        "lake or pond": [
            0.31139513850212097,
            0.15418392419815063,
            0.1445128172636032
        ]
    },
    "14Q": {
        "lake or pond": [
            0.09350664913654327,
            0.05490976572036743,
            0.04040294140577316
        ]
    },
    "46R": {
        "lake or pond": [
            0.0863184705376625,
            0.11797473579645157,
            0.045044731348752975
        ]
    },
    "17S": {
        "lake or pond": [
            0.27879369258880615,
            0.27598029375076294,
            0.16338907182216644
        ]
    },
    "41W": {
        "lake or pond": [
            0.2441304624080658,
            0.16836483776569366,
            0.021238839253783226
        ]
    },
    "16T": {
        "lake or pond": [
            0.3251841962337494,
            0.11578445881605148,
            0.11461445689201355
        ]
    },
    "17T": {
        "lake or pond": [
            0.2237199991941452,
            0.16157996654510498,
            0.06744037568569183
        ]
    },
    "37M": {
        "lake or pond": [
            0.07447058707475662,
            0.051347095519304276,
            0.013541847467422485
        ]
    },
    "30U": {
        "lake or pond": [
            0.1575625240802765,
            0.1640230268239975,
            0.05598938465118408
        ]
    },
    "32U": {
        "lake or pond": [
            0.16385005414485931,
            0.12791600823402405,
            0.02157256193459034
        ]
    },
    "22J": {
        "lake or pond": [
            0.23838531970977783,
            0.18793143332004547,
            0.07825146615505219
        ]
    },
    "30V": {
        "lake or pond": [
            0.026855362579226494,
            0.0367836058139801,
            0.006240094546228647
        ]
    },
    "48M": {
        "lake or pond": [
            0.17398783564567566,
            0.1088564544916153,
            0.09042522311210632
        ]
    },
    "50H": {
        "lake or pond": [
            0.05839540436863899,
            0.04654407873749733,
            0.03967669606208801
        ]
    },
    "18T": {
        "lake or pond": [
            0.4088936150074005,
            0.22399994730949402,
            0.13400092720985413
        ]
    },
    "36U": {
        "lake or pond": [
            0.13019326329231262,
            0.16227294504642487,
            0.02732670307159424
        ]
    },
    "18S": {
        "lake or pond": [
            0.21633367240428925,
            0.16418324410915375,
            0.04170161485671997
        ]
    },
    "33T": {
        "lake or pond": [
            0.14043980836868286,
            0.09891895949840546,
            0.015445653349161148
        ]
    },
    "15T": {
        "lake or pond": [
            0.21090881526470184,
            0.12071466445922852,
            0.04198133200407028
        ]
    },
    "17R": {
        "lake or pond": [
            0.5029816031455994,
            0.2090596705675125,
            0.14173740148544312
        ]
    },
    "16S": {
        "lake or pond": [
            0.3544442653656006,
            0.12308362871408463,
            0.08537004142999649
        ]
    },
    "53S": {
        "lake or pond": [
            0.05863645300269127,
            0.0408053994178772,
            0.011476469226181507
        ]
    },
    "20P": {
        "lake or pond": [
            0.1603160947561264,
            0.13713513314723969,
            0.08890499174594879
        ]
    },
    "38V": {
        "lake or pond": [
            0.08214356005191803,
            0.056730300188064575,
            0.00580580672249198
        ]
    },
    "21J": {
        "lake or pond": [
            0.26440441608428955,
            0.11703875660896301,
            0.08666125684976578
        ]
    },
    "23K": {
        "lake or pond": [
            0.4134973883628845,
            0.2306082844734192,
            0.20416338741779327
        ]
    },
    "39U": {
        "lake or pond": [
            0.11744573712348938,
            0.10927870869636536,
            0.08708008378744125
        ]
    },
    "36W": {
        "lake or pond": [
            0.2025783807039261,
            0.13049210608005524,
            0.020411012694239616
        ]
    },
    "35V": {
        "lake or pond": [
            0.12695439159870148,
            0.08781969547271729,
            0.012317029759287834
        ]
    },
    "21K": {
        "lake or pond": [
            0.1818615347146988,
            0.07781681418418884,
            0.04871280863881111
        ]
    },
    "47N": {
        "lake or pond": [
            0.15047800540924072,
            0.04008427634835243,
            0.00872682686895132
        ]
    },
    "10U": {
        "lake or pond": [
            0.24873760342597961,
            0.15394499897956848,
            0.037670571357011795
        ]
    },
    "31U": {
        "lake or pond": [
            0.1857203096151352,
            0.23533356189727783,
            0.0848136618733406
        ]
    },
    "45Q": {
        "lake or pond": [
            0.3269105851650238,
            0.14910347759723663,
            0.09267807006835938
        ]
    },
    "23L": {
        "lake or pond": [
            0.09431270509958267,
            0.06270884722471237,
            0.016919750720262527
        ]
    },
    "37V": {
        "lake or pond": [
            0.14321160316467285,
            0.0933995395898819,
            0.03010675497353077
        ]
    },
    "12U": {
        "lake or pond": [
            0.037395182996988297,
            0.03376224264502525,
            0.007221244275569916
        ]
    },
    "13T": {
        "lake or pond": [
            0.09813446551561356,
            0.10144376009702682,
            0.03734486922621727
        ]
    },
    "54H": {
        "lake or pond": [
            0.10693376511335373,
            0.04331956058740616,
            0.009627202525734901
        ]
    },
    "47P": {
        "lake or pond": [
            0.3393365144729614,
            0.13949957489967346,
            0.08781169354915619
        ]
    },
    "35W": {
        "lake or pond": [
            0.18387658894062042,
            0.09583564847707748,
            0.008967290632426739
        ]
    },
    "50S": {
        "lake or pond": [
            0.08478657156229019,
            0.07233690470457077,
            0.03249590843915939
        ]
    },
    "33U": {
        "lake or pond": [
            0.15270546078681946,
            0.13389314711093903,
            0.03347375988960266
        ]
    },
    "10T": {
        "lake or pond": [
            0.20605133473873138,
            0.1760014146566391,
            0.03681150823831558
        ]
    },
    "37U": {
        "lake or pond": [
            0.24858629703521729,
            0.1839268058538437,
            0.031102865934371948
        ]
    },
    "53U": {
        "lake or pond": [
            0.09546217322349548,
            0.07170029729604721,
            0.017493855208158493
        ]
    },
    "18F": {
        "lake or pond": [
            0.28557419776916504,
            0.05286451056599617,
            0.12960824370384216
        ]
    },