{
    "13Q": {
        "ship": [
            0.8690032958984375,
            0.7868488430976868,
            0.2830789089202881
        ]
    },
    "12S": {
        "ship": [
            0.9120565056800842,
            0.9025272130966187,
            0.7775755524635315
        ]
    },
    "31T": {
        "ship": [
            0.9207994341850281,
            0.9341534376144409,
            0.8748390674591064
        ]
    },
    "23K": {
        "ship": [
            0.9553248286247253,
            0.9431314468383789,
            0.9812231063842773
        ]
    },
    "34H": {
        "ship": [
            0.9023797512054443,
            0.8430660367012024,
            0.8822469711303711
        ]
    },
    "47P": {
        "ship": [
            0.6084481477737427,
            0.5375773310661316,
            0.2814153730869293
        ]
    },
    "43P": {
        "ship": [
            0.7514539361000061,
            0.7166501879692078,
            0.20056462287902832
        ]
    },
    "17T": {
        "ship": [
            0.7729700207710266,
            0.7541984915733337,
            0.06738889962434769
        ]
    },
    "32U": {
        "ship": [
            0.6790739893913269,
            0.5762040615081787,
            0.07764789462089539
        ]
    },
    "22K": {
        "ship": [
            0.5314159989356995,
            0.7150731682777405,
            0.06964489817619324
        ]
    },
    "30T": {
        "ship": [
            0.7716664671897888,
            0.83543461561203,
            0.7529245615005493
        ]
    },
    "38V": {
        "ship": [
            0.4763697385787964,
            0.7954171299934387,
            0.35259348154067993
        ]
    },
    "17R": {
        "ship": [
            0.8409869074821472,
            0.8970859050750732,
            0.9227011203765869
        ]
    },
    "10S": {
        "ship": [
            0.8700320720672607,
            0.9069068431854248,
            0.6020920872688293
        ]
    },
    "29R": {
        "ship": [
            0.7753946781158447,
            0.5010115504264832,
            0.07068613171577454
        ]
    },
    "18T": {
        "ship": [
            0.8166121244430542,
            0.7563062906265259,
            0.12805108726024628
        ]
    },
    "18S": {
        "ship": [
            0.9437406063079834,
            0.9542407989501953,
            0.9905738234519958
        ]
    },
    "32T": {
        "ship": [
            0.8495492935180664,
            0.761054515838623,
            0.5846105813980103
        ]
    },
    "44Q": {
        "ship": [
            0.6097556352615356,
            0.8143114447593689,
            0.30658215284347534
        ]
    },
    "55H": {
        "ship": [
            0.8249741196632385,
            0.6822909712791443,
            0.16830801963806152
        ]
    },
    "17Q": {
        "ship": [
            0.31844562292099,
            0.08281823247671127,
            0.031086185947060585
        ]
    },
    "34T": {
        "ship": [
            0.7983660697937012,
            0.7809494137763977,
            0.1461229771375656
        ]
    },
    "33T": {
        "ship": [
            0.9088872671127319,
            0.9146309494972229,
            0.540510892868042
        ]
    },
    "40R": {
        "ship": [
            0.9025415182113647,
            0.9013804793357849,
            0.9494247436523438
        ]
    },
    "50L": {
        "ship": [
            0.4310389757156372,
            0.3530930280685425,
            0.031775813549757004
        ]
    },
    "16P": {
        "ship": [
            0.9205020666122437,
            0.5441418886184692,
            0.06761088222265244
        ]
    },
    "56J": {
        "ship": [
            0.7803881168365479,
            0.8587165474891663,
            0.3750714063644409
        ]
    },
    "37T": {
        "ship": [
            0.9331989884376526,
            0.8735734820365906,
            0.16907532513141632
        ]
    },
    "36S": {
        "ship": [
            0.8126831650733948,
            0.861120343208313,
            0.7469227910041809
        ]
    },
    "14Q": {
        "ship": [
            0.6049733757972717,
            0.7729822397232056,
            0.6906796097755432
        ]
    },
    "14S": {
        "ship": [
            0.9076125621795654,
            0.8756310939788818,
            0.2227688729763031
        ]
    },
    "39R": {
        "ship": [
            0.6820065975189209,
            0.5691608786582947,
            0.25971728563308716
        ]
    },
    "21J": {
        "ship": [
            0.7325699329376221,
            0.7497667074203491,
            0.06288173049688339
        ]
    },
    "39Q": {
        "ship": [
            0.7388991713523865,
            0.8732466101646423,
            0.3157225549221039
        ]
    },
    "54H": {
        "ship": [
            0.836153507232666,
            0.7360096573829651,
            0.8011340498924255
        ]
    },
    "33U": {
        "ship": [
            0.9242025017738342,
            0.7984116077423096,
            0.7711997628211975
        ]
    },
    "15P": {
        "ship": [
            0.2832455337047577,
            0.18016815185546875,
            0.09275984019041061
        ]
    },
    "31U": {
        "ship": [
            0.8634431958198547,
            0.9364795088768005,
            0.5078670382499695
        ]
    },
    "24M": {
        "ship": [
            0.46931469440460205,
            0.38504576683044434,
            0.1612166464328766
        ]
    },
    "32P": {
        "ship": [
            0.8101347088813782,
            0.7662169337272644,
            0.057360079139471054
        ]
    },
    "56H": {
        "ship": [
            0.8154261112213135,
            0.9624267816543579,
            0.06023475527763367
        ]
    },
    "19P": {
        "ship": [
            0.8138521909713745,
            0.7719866633415222,
            0.15192952752113342
        ]
    },
    "21H": {
        "ship": [
            0.8385924696922302,
            0.7235240936279297,
            0.5450751781463623
        ]
    },
    "19H": {
        "ship": [
            0.7244520783424377,
            0.7139855623245239,
            0.7788191437721252
        ]
    },
    "34U": {
        "ship": [
            0.5627219080924988,
            0.8567700982093811,
            0.8705844879150391
        ]
    },
    "51P": {
        "ship": [
            0.6595354080200195,
            0.7357269525527954,
            0.8411274552345276
        ]
    },
    "12U": {
        "ship": [
            0.4722591042518616,
            0.33020374178886414,
            0.022084245458245277
        ]
    },
    "17S": {
        "ship": [
            0.5484052896499634,
            0.636120080947876,
            0.18085135519504547
        ]
    },
    "43Q": {
        "ship": [
            0.7911427021026611,
            0.873310923576355,
            0.3943229019641876
        ]
    },
    "17M": {
        "ship": [
            0.8602237701416016,
            0.8549865484237671,
            0.16671694815158844
        ]
    },
    "19K": {
        "ship": [
            0.5180121660232544,
            0.49004775285720825,
            0.043598443269729614
        ]
    },
    "50R": {
        "ship": [
            0.5601551532745361,
            0.49076786637306213,
            0.4283549189567566
        ]
    },
    "48P": {
        "ship": [
            0.6709378957748413,
            0.7598609328269958,
            0.062173448503017426
        ]
    },
    "38R": {
        "ship": [
            0.7946845293045044,
            0.8335979580879211,
            0.30488839745521545
        ]
    },
    "47N": {
        "ship": [
            0.7666563391685486,
            0.7602567672729492,
            0.19944623112678528
        ]
    },