{
    "13Q": {
        "swimming pool": [
            0.8706376552581787,
            0.9610744118690491,
            0.9273008108139038
        ]
    },
    "12S": {
        "swimming pool": [
            0.9369431734085083,
            0.9996010661125183,
            0.9985047578811646
        ]
    },
    "31T": {
        "swimming pool": [
            0.9004234671592712,
            0.9988113641738892,
            0.9904378056526184
        ]
    },
    "23K": {
        "swimming pool": [
            0.9034150242805481,
            0.9964327812194824,
            0.9964751601219177
        ]
    },
    "34H": {
        "swimming pool": [
            0.9230504631996155,
            0.9931291341781616,
            0.9952880144119263
        ]
    },
    "47P": {
        "swimming pool": [
            0.7000194191932678,
            0.9851729869842529,
            0.9575937986373901
        ]
    },
    "43P": {
        "swimming pool": [
            0.72625333070755,
            0.9835854768753052,
            0.9620826244354248
        ]
    },
    "17T": {
        "swimming pool": [
            0.7368500828742981,
            0.9858452081680298,
            0.9811699986457825
        ]
    },
    "32U": {
        "swimming pool": [
            0.24512514472007751,
            0.9665897488594055,
            0.7231012582778931
        ]
    },
    "22K": {
        "swimming pool": [
            0.7956621050834656,
            0.9928486347198486,
            0.9684595465660095
        ]
    },
    "30T": {
        "swimming pool": [
            0.8697608113288879,
            0.9938708543777466,
            0.9964202642440796
        ]
    },
    "38V": {
        "swimming pool": [
            0.11303673684597015,
            0.7835046052932739,
            0.11162599921226501
        ]
    },
    "17R": {
        "swimming pool": [
            0.8585392236709595,
            0.9880288243293762,
            0.9925920963287354
        ]
    },
    "10S": {
        "swimming pool": [
            0.8587424755096436,
            0.9981117248535156,
            0.9933924078941345
        ]
    },
    "29R": {
        "swimming pool": [
            0.6792981624603271,
            0.9828101396560669,
            0.9684752225875854
        ]
    },
    "18T": {
        "swimming pool": [
            0.7658557295799255,
            0.9858747124671936,
            0.9368717074394226
        ]
    },
    "18S": {
        "swimming pool": [
            0.9476405382156372,
            0.997246265411377,
            0.989425539970398
        ]
    },
    "32T": {
        "swimming pool": [
            0.9615273475646973,
            0.9951143264770508,
            0.9890639185905457
        ]
    },
    "44Q": {
        "swimming pool": [
            0.17237532138824463,
            0.7041643857955933,
            0.5433080196380615
        ]
    },
    "55H": {
        "swimming pool": [
            0.8789312839508057,
            0.9935112595558167,
            0.9569497108459473
        ]
    },
    "17Q": {
        "swimming pool": [
            0.20391401648521423,
            0.2923295795917511,
            0.7614340782165527
        ]
    },
    "34T": {
        "swimming pool": [
            0.8591236472129822,
            0.9982131719589233,
            0.9348616600036621
        ]
    },
    "33T": {
        "swimming pool": [
            0.8600890040397644,
            0.9986567497253418,
            0.989642322063446
        ]
    },
    "40R": {
        "swimming pool": [
            0.951696515083313,
            0.9981788396835327,
            0.9814183712005615
        ]
    },
    "50L": {
        "swimming pool": [
            0.3679821491241455,
            0.9797095060348511,
            0.9873265624046326
        ]
    },
    "16P": {
        "swimming pool": [
            0.8678134679794312,
            0.996523916721344,
            0.9924994111061096
        ]
    },
    "56J": {
        "swimming pool": [
            0.7979745864868164,
            0.9943369030952454,
            0.9962558746337891
        ]
    },
    "37T": {
        "swimming pool": [
            0.9203419089317322,
            0.9949797987937927,
            0.9833889007568359
        ]
    },
    "36S": {
        "swimming pool": [
            0.7006546854972839,
            0.9879432320594788,
            0.9462791681289673
        ]
    },
    "14Q": {
        "swimming pool": [
            0.36698025465011597,
            0.9503979086875916,
            0.9410144090652466
        ]
    },
    "14S": {
        "swimming pool": [
            0.8888446092605591,
            0.9927127957344055,
            0.9669179916381836
        ]
    },
    "39R": {
        "swimming pool": [
            0.7214858531951904,
            0.9875208139419556,
            0.9558066129684448
        ]
    },
    "21J": {
        "swimming pool": [
            0.6117911338806152,
            0.9275025129318237,
            0.8262721300125122
        ]
    },
    "39Q": {
        "swimming pool": [
            0.6151033043861389,
            0.9898663759231567,
            0.8498376607894897
        ]
    },
    "54H": {
        "swimming pool": [
            0.8545191884040833,
            0.9929770827293396,
            0.9772778153419495
        ]
    },
    "33U": {
        "swimming pool": [
            0.8885078430175781,
            0.9941824078559875,
            0.998023271560669
        ]
    },
    "15P": {
        "swimming pool": [
            0.031247414648532867,
            0.05899414047598839,
            0.011529427021741867
        ]
    },
    "31U": {
        "swimming pool": [
            0.7760288715362549,
            0.991703987121582,
            0.9974763989448547
        ]
    },
    "24M": {
        "swimming pool": [
            0.7122847437858582,
            0.9891911745071411,
            0.9733440279960632
        ]
    },
    "32P": {
        "swimming pool": [
            0.7900886535644531,
            0.9959543943405151,
            0.9773051738739014
        ]
    },
    "56H": {
        "swimming pool": [
            0.8065851330757141,
            0.9811351895332336,
            0.9887374639511108
        ]
    },
    "19P": {
        "swimming pool": [
            0.799532949924469,
            0.9935030341148376,
            0.9870391488075256
        ]
    },
    "21H": {
        "swimming pool": [
            0.9406061768531799,
            0.9976553916931152,
            0.9902058243751526
        ]
    },
    "19H": {
        "swimming pool": [
            0.8203033804893494,
            0.9718726277351379,
            0.9925933480262756
        ]
    },
    "34U": {
        "swimming pool": [
            0.30246323347091675,
            0.6832183003425598,
            0.189026340842247
        ]
    },
    "51P": {
        "swimming pool": [
            0.7661344408988953,
            0.9878494143486023,
            0.9978110194206238
        ]
    },
    "12U": {
        "swimming pool": [
            0.3434886932373047,
            0.8475202322006226,
            0.8891853094100952
        ]
    },
    "17S": {
        "swimming pool": [
            0.5855242609977722,
            0.9078715443611145,
            0.6112290024757385
        ]
    },
    "43Q": {
        "swimming pool": [
            0.34952351450920105,
            0.9839268326759338,
            0.673656165599823
        ]
    },
    "17M": {
        "swimming pool": [
            0.9476036429405212,
            0.9912741780281067,
            0.9513281583786011
        ]
    },
    "19K": {
        "swimming pool": [
            0.86551433801651,
            0.9685416221618652,
            0.4804253876209259
        ]
    },
    "50R": {
        "swimming pool": [
            0.23911140859127045,
            0.6793460845947266,
            0.853599488735199
        ]
    },