{
    "35S": {
        "plane": [
            0.582160234451294,
            0.31892019510269165,
            0.02725180611014366
        ]
    },
    "27W": {
        "plane": [
            0.3225683867931366,
            0.11237340420484543,
            0.00804957002401352
        ]
    },
    "44N": {
        "plane": [
            0.6360015273094177,
            0.19817455112934113,
            0.008845029398798943
        ]
    },
    "39R": {
        "plane": [
            0.8740453124046326,
            0.7282930612564087,
            0.06644205003976822
        ]
    },
    "30U": {
        "plane": [
            0.7898549437522888,
            0.6321720480918884,
            0.03956979140639305
        ]
    },
    "32S": {
        "plane": [
            0.6181716918945312,
            0.6223060488700867,
            0.023511642590165138
        ]
    },
    "33S": {
        "plane": [
            0.7442469596862793,
            0.5541158318519592,
            0.021038098260760307
        ]
    },
    "18T": {
        "plane": [
            0.5792803168296814,
            0.35684627294540405,
            0.021404296159744263
        ]
    },
    "53T": {
        "plane": [
            0.3993317484855652,
            0.1170915737748146,
            0.012090500444173813
        ]
    },
    "59G": {
        "plane": [
            0.7520534992218018,
            0.339638352394104,
            0.043519169092178345
        ]
    },
    "19F": {
        "plane": [
            0.5333159565925598,
            0.34683939814567566,
            0.020681319758296013
        ]
    },
    "43Q": {
        "plane": [
            0.617533266544342,
            0.39234456419944763,
            0.0109933540225029
        ]
    },
    "44P": {
        "plane": [
            0.3089258074760437,
            0.11906430870294571,
            0.012685686349868774
        ]
    },
    "30V": {
        "plane": [
            0.7281849980354309,
            0.5777314901351929,
            0.02387230657041073
        ]
    },
    "31U": {
        "plane": [
            0.7724658250808716,
            0.697181224822998,
            0.026098478585481644
        ]
    },
    "30T": {
        "plane": [
            0.7158622145652771,
            0.43349236249923706,
            0.03139503300189972
        ]
    },
    "12R": {
        "plane": [
            0.7762032151222229,
            0.7956042885780334,
            0.08828750252723694
        ]
    },
    "19Q": {
        "plane": [
            0.7577905654907227,
            0.40440040826797485,
            0.054962869733572006
        ]
    },
    "33T": {
        "plane": [
            0.7985387444496155,
            0.3161628246307373,
            0.03353441506624222
        ]
    },
    "35T": {
        "plane": [
            0.7546302676200867,
            0.7447490692138672,
            0.04049360752105713
        ]
    },
    "51S": {
        "plane": [
            0.552525520324707,
            0.31668922305107117,
            0.022675475105643272
        ]
    },
    "20T": {
        "plane": [
            0.6999337673187256,
            0.5825480222702026,
            0.16508843004703522
        ]
    },
    "48N": {
        "plane": [
            0.7684894800186157,
            0.5077297687530518,
            0.051989730447530746
        ]
    },
    "54S": {
        "plane": [
            0.7082698345184326,
            0.6062527298927307,
            0.07946706563234329
        ]
    },
    "53H": {
        "plane": [
            0.4099216163158417,
            0.20942027866840363,
            0.01284298300743103
        ]
    },
    "36S": {
        "plane": [
            0.7925382852554321,
            0.7151615023612976,
            0.028367189690470695
        ]
    },
    "31N": {
        "plane": [
            0.5490722060203552,
            0.2869345247745514,
            0.049254003912210464
        ]
    },
    "36W": {
        "plane": [
            0.6581171751022339,
            0.29156041145324707,
            0.01491161622107029
        ]
    },
    "55G": {
        "plane": [
            0.5880929231643677,
            0.1173236072063446,
            0.0167231522500515
        ]
    },
    "29T": {
        "plane": [
            0.5764042139053345,
            0.3248021900653839,
            0.007993781939148903
        ]
    },
    "6K": {
        "plane": [
            0.31883105635643005,
            0.24258767068386078,
            0.011732175946235657
        ]
    },
    "49M": {
        "plane": [
            0.5791804790496826,
            0.20052462816238403,
            0.015823662281036377
        ]
    },
    "50K": {
        "plane": [
            0.8119515776634216,
            0.40862202644348145,
            0.06608255207538605
        ]
    },
    "55H": {
        "plane": [
            0.606003999710083,
            0.209595188498497,
            0.027029264718294144
        ]
    },
    "34S": {
        "plane": [
            0.815028727054596,
            0.4670466482639313,
            0.05000738799571991
        ]
    },
    "19P": {
        "plane": [
            0.5611691474914551,
            0.27108266949653625,
            0.01927095465362072
        ]
    },
    "32T": {
        "plane": [
            0.6971535682678223,
            0.4721689224243164,
            0.03772348538041115
        ]
    },
    "30S": {
        "plane": [
            0.8280372619628906,
            0.8165100812911987,
            0.09262073040008545
        ]
    },
    "52R": {
        "plane": [
            0.704118013381958,
            0.2915356457233429,
            0.02004486694931984
        ]
    },
    "40R": {
        "plane": [
            0.7699828743934631,
            0.6551987528800964,
            0.08853799849748611
        ]
    },
    "22M": {
        "plane": [
            0.6577692627906799,
            0.26637282967567444,
            0.030299877747893333
        ]
    },
    "20P": {
        "plane": [
            0.4740285277366638,
            0.5182279944419861,
            0.03811804950237274
        ]
    },
    "48P": {
        "plane": [
            0.39011406898498535,
            0.15548540651798248,
            0.012860278598964214
        ]
    },
    "54T": {
        "plane": [
            0.6648072600364685,
            0.5048757195472717,
            0.03081703931093216
        ]
    },
    "46Q": {
        "plane": [
            0.3757885694503784,
            0.03476991131901741,
            0.0018672593869268894
        ]
    },
    "16P": {
        "plane": [
            0.5013308525085449,
            0.688650906085968,
            0.01538790948688984
        ]
    },
    "52S": {
        "plane": [
            0.6698065996170044,
            0.7717320919036865,
            0.029006585478782654
        ]
    },
    "52T": {
        "plane": [
            0.6617473363876343,
            0.6740594506263733,
            0.020329374819993973
        ]
    },
    "50R": {
        "plane": [
            0.5457074046134949,
            0.18317633867263794,
            0.015133528038859367
        ]
    },
    "36R": {
        "plane": [
            0.5113751888275146,
            0.8429238796234131,
            0.0785268023610115
        ]
    },
    "50S": {
        "plane": [
            0.5135560035705566,
            0.32383739948272705,
            0.008421908132731915
        ]
    },
    "33V": {
        "plane": [
            0.4188506305217743,
            0.12575937807559967,
            0.00872026663273573
        ]
    },
    "37T": {
        "plane": [
            0.7704136967658997,
            0.5192598104476929,
            0.027986926957964897
        ]
    },
    "37W": {
        "plane": [
            0.7564319372177124,
            0.7580633163452148,
            0.0194109920412302
        ]
    },