{
    "50K": {
        "swimming pool": [
            0.2678892910480499,
            0.41895434260368347,
            0.007077480666339397
        ]
    },
    "30T": {
        "swimming pool": [
            0.4122081696987152,
            0.8256237506866455,
            0.5498414039611816
        ]
    },
    "32U": {
        "swimming pool": [
            0.12115677446126938,
            0.2291947901248932,
            0.01611289568245411
        ]
    },
    "43Q": {
        "swimming pool": [
            0.3316197693347931,
            0.7785843014717102,
            0.07122133672237396
        ]
    },
    "55H": {
        "swimming pool": [
            0.1982157677412033,
            0.3614353835582733,
            0.14010396599769592
        ]
    },
    "15R": {
        "swimming pool": [
            0.13615253567695618,
            0.7237803936004639,
            0.12227486073970795
        ]
    },
    "31U": {
        "swimming pool": [
            0.1387016922235489,
            0.7913652062416077,
            0.13466651737689972
        ]
    },
    "32T": {
        "swimming pool": [
            0.3196796774864197,
            0.9761941432952881,
            0.8407537341117859
        ]
    },
    "17Q": {
        "swimming pool": [
            0.05466156825423241,
            0.08579178154468536,
            0.04453471302986145
        ]
    },
    "37W": {
        "swimming pool": [
            0.19786883890628815,
            0.6416847705841064,
            0.04840007796883583
        ]
    },
    "33S": {
        "swimming pool": [
            0.17319807410240173,
            0.07894700020551682,
            0.5566345453262329
        ]
    },
    "51S": {
        "swimming pool": [
            0.43643996119499207,
            0.9298328757286072,
            0.20217838883399963
        ]
    },
    "34S": {
        "swimming pool": [
            0.123846136033535,
            0.28937041759490967,
            0.00806434452533722
        ]
    },
    "32V": {
        "swimming pool": [
            0.5958737730979919,
            0.13169485330581665,
            0.013636201620101929
        ]
    },
    "18S": {
        "swimming pool": [
            0.2587135434150696,
            0.330300509929657,
            0.20400533080101013
        ]
    },
    "56J": {
        "swimming pool": [
            0.07293049246072769,
            0.09794463962316513,
            0.026673797518014908
        ]
    },
    "33T": {
        "swimming pool": [
            0.3002539277076721,
            0.9484700560569763,
            0.31649497151374817
        ]
    },
    "30U": {
        "swimming pool": [
            0.25010210275650024,
            0.664166271686554,
            0.2313910573720932
        ]
    },
    "17S": {
        "swimming pool": [
            0.11301643401384354,
            0.33589768409729004,
            0.02559676021337509
        ]
    },
    "37T": {
        "swimming pool": [
            0.1652582883834839,
            0.5242331624031067,
            0.07518219202756882
        ]
    },
    "20T": {
        "swimming pool": [
            0.05532339587807655,
            0.11164218187332153,
            0.23734624683856964
        ]
    },
    "20H": {
        "swimming pool": [
            0.6056124567985535,
            0.9107774496078491,
            0.9494650363922119
        ]
    },
    "16R": {
        "swimming pool": [
            0.3129824995994568,
            0.23525528609752655,
            0.09062281996011734
        ]
    },
    "4Q": {
        "swimming pool": [
            0.017057057470083237,
            0.013553349301218987,
            0.010965264402329922
        ]
    },
    "34U": {
        "swimming pool": [
            0.0648629367351532,
            0.07624593377113342,
            0.031154567375779152
        ]
    },
    "54S": {
        "swimming pool": [
            0.20987646281719208,
            0.7347418069839478,
            0.16936013102531433
        ]
    },
    "30S": {
        "swimming pool": [
            0.15619586408138275,
            0.5765575766563416,
            0.4369205832481384
        ]
    },
    "18T": {
        "swimming pool": [
            0.4182422161102295,
            0.6392977237701416,
            0.03358670324087143
        ]
    },
    "54T": {
        "swimming pool": [
            0.42563945055007935,
            0.5119912624359131,
            0.13400061428546906
        ]
    },
    "17M": {
        "swimming pool": [
            0.08930783718824387,
            0.4328137934207916,
            0.01372623723000288
        ]
    },
    "53S": {
        "swimming pool": [
            0.202255517244339,
            0.3628411889076233,
            0.11395478993654251
        ]
    },
    "18N": {
        "swimming pool": [
            0.04568425565958023,
            0.009331636130809784,
            0.005974556319415569
        ]
    },
    "20P": {
        "swimming pool": [
            0.06207744777202606,
            0.08180870115756989,
            0.007294589653611183
        ]
    },
    "10T": {
        "swimming pool": [
            0.13023267686367035,
            0.3780001699924469,
            0.057033639401197433
        ]
    },
    "50H": {
        "swimming pool": [
            0.12171893566846848,
            0.7133686542510986,
            0.013393290340900421
        ]
    },
    "48N": {
        "swimming pool": [
            0.1833496391773224,
            0.44996097683906555,
            0.03234133869409561
        ]
    },
    "18H": {
        "swimming pool": [
            0.01317061297595501,
            0.022042151540517807,
            0.0076727475970983505
        ]
    },
    "19Q": {
        "swimming pool": [
            0.03874419629573822,
            0.09924035519361496,
            0.02951919473707676
        ]
    },
    "10S": {
        "swimming pool": [
            0.07242432236671448,
            0.053191475570201874,
            0.02615678496658802
        ]
    },
    "19T": {
        "swimming pool": [
            0.16212588548660278,
            0.6407662630081177,
            0.14820022881031036
        ]
    },
    "10U": {
        "swimming pool": [
            0.07993563264608383,
            0.4493163228034973,
            0.09128566831350327
        ]
    },
    "29U": {
        "swimming pool": [
            0.3464363217353821,
            0.7390955686569214,
            0.10171088576316833
        ]
    },
    "16T": {
        "swimming pool": [
            0.17539291083812714,
            0.49649396538734436,
            0.02196325547993183
        ]
    },
    "38P": {
        "swimming pool": [
            0.03683657944202423,
            0.07289136201143265,
            0.01986699178814888
        ]
    },
    "6K": {
        "swimming pool": [
            0.06262717396020889,
            0.40741395950317383,
            0.006689684931188822
        ]
    },
    "33U": {
        "swimming pool": [
            0.08233113586902618,
            0.17654509842395782,
            0.03880533203482628
        ]
    },
    "17R": {
        "swimming pool": [
            0.6832340359687805,
            0.972865104675293,
            0.9844785928726196
        ]
    },
    "51P": {
        "swimming pool": [
            0.0838482454419136,
            0.46178290247917175,
            0.07886993885040283
        ]
    },
    "11S": {
        "swimming pool": [
            0.2093057781457901,
            0.14968815445899963,
            0.006649725139141083
        ]
    },
    "57U": {
        "swimming pool": [
            0.12647728621959686,
            0.34589800238609314,
            0.030701644718647003
        ]
    },
    "52S": {
        "swimming pool": [
            0.11132236570119858,
            0.19068960845470428,
            0.028571195900440216
        ]
    },