{
    "35S": {
        "storage tank": [
            0.3548622131347656,
            0.3933621942996979,
            0.20097513496875763
        ]
    },
    "27W": {
        "storage tank": [
            0.08524840325117111,
            0.17856521904468536,
            0.03087734617292881
        ]
    },
    "44N": {
        "storage tank": [
            0.4517035186290741,
            0.33538317680358887,
            0.0655784159898758
        ]
    },
    "39R": {
        "storage tank": [
            0.8456200957298279,
            0.9915566444396973,
            0.9863377213478088
        ]
    },
    "30U": {
        "storage tank": [
            0.25767388939857483,
            0.6014226078987122,
            0.18314094841480255
        ]
    },
    "32S": {
        "storage tank": [
            0.34787124395370483,
            0.660073459148407,
            0.40920206904411316
        ]
    },
    "33S": {
        "storage tank": [
            0.3817824423313141,
            0.6427598595619202,
            0.11660998314619064
        ]
    },
    "18T": {
        "storage tank": [
            0.22894851863384247,
            0.38169631361961365,
            0.3571355938911438
        ]
    },
    "53T": {
        "storage tank": [
            0.20721814036369324,
            0.5362764596939087,
            0.17842848598957062
        ]
    },
    "59G": {
        "storage tank": [
            0.1838197410106659,
            0.46519044041633606,
            0.12619628012180328
        ]
    },
    "19F": {
        "storage tank": [
            0.35483473539352417,
            0.4846495985984802,
            0.01297630276530981
        ]
    },
    "43Q": {
        "storage tank": [
            0.23662061989307404,
            0.2515674829483032,
            0.015425523743033409
        ]
    },
    "44P": {
        "storage tank": [
            0.10236652940511703,
            0.9023293852806091,
            0.32933107018470764
        ]
    },
    "30V": {
        "storage tank": [
            0.4179004728794098,
            0.5451111197471619,
            0.16863346099853516
        ]
    },
    "31U": {
        "storage tank": [
            0.7539135217666626,
            0.9790722727775574,
            0.9940130114555359
        ]
    },
    "30T": {
        "storage tank": [
            0.60567706823349,
            0.7348646521568298,
            0.18614454567432404
        ]
    },
    "12R": {
        "storage tank": [
            0.33088168501853943,
            0.7559654116630554,
            0.5041674971580505
        ]
    },
    "19Q": {
        "storage tank": [
            0.34083396196365356,
            0.6488741040229797,
            0.2290743589401245
        ]
    },
    "33T": {
        "storage tank": [
            0.36721670627593994,
            0.7445476651191711,
            0.662798285484314
        ]
    },
    "35T": {
        "storage tank": [
            0.5251362919807434,
            0.9968031644821167,
            0.661546528339386
        ]
    },
    "51S": {
        "storage tank": [
            0.3505706787109375,
            0.991457998752594,
            0.9828490614891052
        ]
    },
    "20T": {
        "storage tank": [
            0.6111049056053162,
            0.657742440700531,
            0.2937931716442108
        ]
    },
    "48N": {
        "storage tank": [
            0.5624557733535767,
            0.996889054775238,
            0.990068256855011
        ]
    },
    "54S": {
        "storage tank": [
            0.2914992868900299,
            0.9166651368141174,
            0.29888099431991577
        ]
    },
    "53H": {
        "storage tank": [
            0.19882741570472717,
            0.5999303460121155,
            0.3044499456882477
        ]
    },
    "36S": {
        "storage tank": [
            0.6421355605125427,
            0.8929811716079712,
            0.9601937532424927
        ]
    },
    "31N": {
        "storage tank": [
            0.1690717339515686,
            0.8500866293907166,
            0.9190449714660645
        ]
    },
    "36W": {
        "storage tank": [
            0.21460729837417603,
            0.5556842088699341,
            0.03829216957092285
        ]
    },
    "55G": {
        "storage tank": [
            0.19684946537017822,
            0.5019011497497559,
            0.35670006275177
        ]
    },
    "29T": {
        "storage tank": [
            0.26572397351264954,
            0.5032913684844971,
            0.0932764858007431
        ]
    },
    "6K": {
        "storage tank": [
            0.09765565395355225,
            0.17538531124591827,
            0.01744573749601841
        ]
    },
    "49M": {
        "storage tank": [
            0.5331807136535645,
            0.9605855345726013,
            0.9394167065620422
        ]
    },
    "50K": {
        "storage tank": [
            0.40066418051719666,
            0.6529257893562317,
            0.2169722318649292
        ]
    },
    "55H": {
        "storage tank": [
            0.31044262647628784,
            0.4061286449432373,
            0.11894427984952927
        ]
    },
    "34S": {
        "storage tank": [
            0.7333768606185913,
            0.849855363368988,
            0.12664394080638885
        ]
    },
    "19P": {
        "storage tank": [
            0.4650920033454895,
            0.9936999082565308,
            0.986487090587616
        ]
    },
    "32T": {
        "storage tank": [
            0.5007956027984619,
            0.7631649971008301,
            0.0898592621088028
        ]
    },
    "30S": {
        "storage tank": [
            0.6212794780731201,
            0.6928088665008545,
            0.6365659832954407
        ]
    },
    "52R": {
        "storage tank": [
            0.5263274312019348,
            0.9916020035743713,
            0.9889574646949768
        ]
    },
    "40R": {
        "storage tank": [
            0.6236201524734497,
            0.9986205101013184,
            0.9932413101196289
        ]
    },
    "22M": {
        "storage tank": [
            0.19693413376808167,
            0.5735971927642822,
            0.5894544124603271
        ]
    },
    "20P": {
        "storage tank": [
            0.21910865604877472,
            0.7372450232505798,
            0.9579305052757263
        ]
    },
    "48P": {
        "storage tank": [
            0.1888592541217804,
            0.682182252407074,
            0.4045518636703491
        ]
    },
    "54T": {
        "storage tank": [
            0.29035213589668274,
            0.9875263571739197,
            0.9742234945297241
        ]
    },
    "46Q": {
        "storage tank": [
            0.07972061634063721,
            0.03856170177459717,
            0.007425743155181408
        ]
    },
    "16P": {
        "storage tank": [
            0.22660548985004425,
            0.43427348136901855,
            0.05942929908633232
        ]
    },
    "52S": {
        "storage tank": [
            0.3063238263130188,
            0.9917608499526978,
            0.7888831496238708
        ]
    },
    "52T": {
        "storage tank": [
            0.35338202118873596,
            0.6307842135429382,
            0.08459682762622833
        ]
    },
    "50R": {
        "storage tank": [
            0.22649554908275604,
            0.12278519570827484,
            0.014749636873602867
        ]
    },
    "36R": {
        "storage tank": [
            0.2942340075969696,
            0.7164863348007202,
            0.11561456322669983
        ]
    },
    "50S": {
        "storage tank": [
            0.15816164016723633,
            0.45608752965927124,
            0.1374736875295639
        ]
    },
    "33V": {
        "storage tank": [
            0.3617408275604248,
            0.2727932333946228,
            0.028596961870789528
        ]
    },