{
    "35S": {
        "ship": [
            0.7957836985588074,
            0.7985304594039917,
            0.5793964266777039
        ]
    },
    "27W": {
        "ship": [
            0.4081713855266571,
            0.4591093957424164,
            0.5681736469268799
        ]
    },
    "44N": {
        "ship": [
            0.7761121392250061,
            0.7020723819732666,
            0.6941142082214355
        ]
    },
    "39R": {
        "ship": [
            0.8869220614433289,
            0.9140874743461609,
            0.97945237159729
        ]
    },
    "30U": {
        "ship": [
            0.8460456728935242,
            0.8864356279373169,
            0.9063147306442261
        ]
    },
    "32S": {
        "ship": [
            0.8822833299636841,
            0.948552131652832,
            0.973595380783081
        ]
    },
    "33S": {
        "ship": [
            0.8005013465881348,
            0.8397635221481323,
            0.8926064372062683
        ]
    },
    "18T": {
        "ship": [
            0.691317617893219,
            0.8379945755004883,
            0.6677691340446472
        ]
    },
    "53T": {
        "ship": [
            0.8395789861679077,
            0.8533735871315002,
            0.6789910197257996
        ]
    },
    "59G": {
        "ship": [
            0.8102355003356934,
            0.8611884713172913,
            0.921430766582489
        ]
    },
    "19F": {
        "ship": [
            0.7419975399971008,
            0.7384994029998779,
            0.4493674337863922
        ]
    },
    "43Q": {
        "ship": [
            0.8351484537124634,
            0.8431207537651062,
            0.49883541464805603
        ]
    },
    "44P": {
        "ship": [
            0.5047765970230103,
            0.7317769527435303,
            0.6148432493209839
        ]
    },
    "30V": {
        "ship": [
            0.8802775144577026,
            0.9137533903121948,
            0.9047802090644836
        ]
    },
    "31U": {
        "ship": [
            0.953186571598053,
            0.9822003841400146,
            0.9573622345924377
        ]
    },
    "30T": {
        "ship": [
            0.8900487422943115,
            0.8621284365653992,
            0.9234302043914795
        ]
    },
    "12R": {
        "ship": [
            0.6764452457427979,
            0.858568549156189,
            0.7608457803726196
        ]
    },
    "19Q": {
        "ship": [
            0.8728196024894714,
            0.968255341053009,
            0.9705091118812561
        ]
    },
    "33T": {
        "ship": [
            0.8529531359672546,
            0.9809205532073975,
            0.9227102398872375
        ]
    },
    "35T": {
        "ship": [
            0.8019247651100159,
            0.9253672957420349,
            0.8279855251312256
        ]
    },
    "51S": {
        "ship": [
            0.707811176776886,
            0.9360429048538208,
            0.7769813537597656
        ]
    },
    "20T": {
        "ship": [
            0.8209772109985352,
            0.7565247416496277,
            0.6493983864784241
        ]
    },
    "48N": {
        "ship": [
            0.7690755128860474,
            0.9004228115081787,
            0.9150013327598572
        ]
    },
    "54S": {
        "ship": [
            0.8615167140960693,
            0.9295473694801331,
            0.9674184322357178
        ]
    },
    "53H": {
        "ship": [
            0.4653119742870331,
            0.7855784893035889,
            0.14246638119220734
        ]
    },
    "36S": {
        "ship": [
            0.8398768901824951,
            0.8827183246612549,
            0.6980510354042053
        ]
    },
    "31N": {
        "ship": [
            0.6685271859169006,
            0.5653320550918579,
            0.9022720456123352
        ]
    },
    "36W": {
        "ship": [
            0.8454004526138306,
            0.8481339812278748,
            0.8049232363700867
        ]
    },
    "55G": {
        "ship": [
            0.7244405746459961,
            0.665004551410675,
            0.42043060064315796
        ]
    },
    "29T": {
        "ship": [
            0.9195795655250549,
            0.9323292374610901,
            0.7556531429290771
        ]
    },
    "6K": {
        "ship": [
            0.6330295205116272,
            0.6778755187988281,
            0.7937107086181641
        ]
    },
    "49M": {
        "ship": [
            0.778800368309021,
            0.6388471722602844,
            0.9284972548484802
        ]
    },
    "50K": {
        "ship": [
            0.9323557615280151,
            0.9494683742523193,
            0.9669972062110901
        ]
    },
    "55H": {
        "ship": [
            0.7022081613540649,
            0.665037989616394,
            0.4335896670818329
        ]
    },
    "34S": {
        "ship": [
            0.8730132579803467,
            0.9253872632980347,
            0.8729406595230103
        ]
    },
    "19P": {
        "ship": [
            0.9132546186447144,
            0.8746044039726257,
            0.8352874517440796
        ]
    },
    "32T": {
        "ship": [
            0.899501621723175,
            0.9114365577697754,
            0.7839210033416748
        ]
    },
    "30S": {
        "ship": [
            0.9097998738288879,
            0.9012486338615417,
            0.8765745162963867
        ]
    },
    "52R": {
        "ship": [
            0.7909786105155945,
            0.7260347604751587,
            0.6629275679588318
        ]
    },
    "40R": {
        "ship": [
            0.8625690340995789,
            0.9399170279502869,
            0.9464832544326782
        ]
    },
    "22M": {
        "ship": [
            0.5812239050865173,
            0.5118687748908997,
            0.0725293904542923
        ]
    },
    "20P": {
        "ship": [
            0.5867717862129211,
            0.6828245520591736,
            0.3492579162120819
        ]
    },
    "48P": {
        "ship": [
            0.47710829973220825,
            0.7889650464057922,
            0.641726016998291
        ]
    },
    "54T": {
        "ship": [
            0.7816931009292603,
            0.8218977451324463,
            0.8262748122215271
        ]
    },
    "46Q": {
        "ship": [
            0.3729238212108612,
            0.30199259519577026,
            0.0985589325428009
        ]
    },
    "16P": {
        "ship": [
            0.610691249370575,
            0.6765790581703186,
            0.9396523237228394
        ]
    },
    "52S": {
        "ship": [
            0.7889495491981506,
            0.9312517046928406,
            0.9695333242416382
        ]
    },
    "52T": {
        "ship": [
            0.8573665618896484,
            0.7912855744361877,
            0.943895697593689
        ]
    },
    "50R": {
        "ship": [
            0.5301712155342102,
            0.6919677257537842,
            0.7646059989929199
        ]
    },
    "36R": {
        "ship": [
            0.5528715252876282,
            0.6868389248847961,
            0.5132130980491638
        ]
    },
    "50S": {
        "ship": [
            0.5579732060432434,
            0.5048354864120483,
            0.35479697585105896
        ]
    },
    "33V": {
        "ship": [
            0.654462993144989,
            0.7165887355804443,
            0.40637803077697754
        ]
    },
    "37T": {
        "ship": [
            0.8639757037162781,
            0.9387074708938599,
            0.9683733582496643
        ]
    },
    "37W": {
        "ship": [
            0.6920448541641235,
            0.8641518354415894,
            0.6077206134796143
        ]
    },
    "22H": {
        "ship": [
            0.5448552370071411,
            0.5578703880310059,
            0.4724801778793335
        ]
    },
    "38R": {
        "ship": [
            0.7907426953315735,
            0.9120558500289917,
            0.974249541759491
        ]
    },