{
    "50K": {
        "bridge": [
            0.17749662697315216,
            0.13552500307559967,
            0.033394403755664825
        ]
    },
    "30T": {
        "bridge": [
            0.10800307989120483,
            0.24858395755290985,
            0.13084521889686584
        ]
    },
    "32U": {
        "bridge": [
            0.08075232803821564,
            0.10303375124931335,
            0.7206925749778748
        ]
    },
    "43Q": {
        "bridge": [
            0.11951079219579697,
            0.062466900795698166,
            0.01803603209555149
        ]
    },
    "55H": {
        "bridge": [
            0.06437999755144119,
            0.047899581491947174,
            0.026932166889309883
        ]
    },
    "15R": {
        "bridge": [
            0.08603490889072418,
            0.10381260514259338,
            0.456790953874588
        ]
    },
    "31U": {
        "bridge": [
            0.07058664411306381,
            0.16093574464321136,
            0.4912097454071045
        ]
    },
    "32T": {
        "bridge": [
            0.18217824399471283,
            0.06311378628015518,
            0.049417901784181595
        ]
    },
    "17Q": {
        "bridge": [
            0.03133910521864891,
            0.21562185883522034,
            0.045977797359228134
        ]
    },
    "37W": {
        "bridge": [
            0.0647723525762558,
            0.08485063165426254,
            0.07744383066892624
        ]
    },
    "33S": {
        "bridge": [
            0.12508419156074524,
            0.061655640602111816,
            0.028473105281591415
        ]
    },
    "51S": {
        "bridge": [
            0.10889481008052826,
            0.10039070248603821,
            0.11549878120422363
        ]
    },
    "34S": {
        "bridge": [
            0.05859456583857536,
            0.06245848163962364,
            0.09372542798519135
        ]
    },
    "32V": {
        "bridge": [
            0.21990272402763367,
            0.09536933153867722,
            0.2569294571876526
        ]
    },
    "18S": {
        "bridge": [
            0.08813340216875076,
            0.10457336902618408,
            0.36211761832237244
        ]
    },
    "56J": {
        "bridge": [
            0.08049124479293823,
            0.06288187205791473,
            0.047585539519786835
        ]
    },
    "33T": {
        "bridge": [
            0.11156599968671799,
            0.08897215127944946,
            0.13880513608455658
        ]
    },
    "30U": {
        "bridge": [
            0.08154982328414917,
            0.12768423557281494,
            0.4040504992008209
        ]
    },
    "17S": {
        "bridge": [
            0.08554916828870773,
            0.1823156327009201,
            0.7737289071083069
        ]
    },
    "37T": {
        "bridge": [
            0.08579931408166885,
            0.09175960719585419,
            0.19100859761238098
        ]
    },
    "20T": {
        "bridge": [
            0.06951294839382172,
            0.12340743839740753,
            0.13868464529514313
        ]
    },
    "20H": {
        "bridge": [
            0.1182572990655899,
            0.08274343609809875,
            0.04673324152827263
        ]
    },
    "16R": {
        "bridge": [
            0.09535296261310577,
            0.11930704116821289,
            0.051291558891534805
        ]
    },
    "4Q": {
        "bridge": [
            0.015838298946619034,
            0.05184115469455719,
            0.6566323041915894
        ]
    },
    "34U": {
        "bridge": [
            0.05252379924058914,
            0.04802681878209114,
            0.04284733906388283
        ]
    },
    "54S": {
        "bridge": [
            0.09673364460468292,
            0.29747989773750305,
            0.3022618889808655
        ]
    },
    "30S": {
        "bridge": [
            0.051708873361349106,
            0.10018680989742279,
            0.19888901710510254
        ]
    },
    "18T": {
        "bridge": [
            0.08413953334093094,
            0.16349059343338013,
            0.3521208167076111
        ]
    },
    "54T": {
        "bridge": [
            0.10093232989311218,
            0.07853564620018005,
            0.021901147440075874
        ]
    },
    "17M": {
        "bridge": [
            0.03163869306445122,
            0.03296084702014923,
            0.01190944854170084
        ]
    },
    "53S": {
        "bridge": [
            0.12291548401117325,
            0.2421909123659134,
            0.499296098947525
        ]
    },
    "18N": {
        "bridge": [
            0.03879789635539055,
            0.09829917550086975,
            0.05318215861916542
        ]
    },
    "20P": {
        "bridge": [
            0.035804908722639084,
            0.09466356784105301,
            0.027787860482931137
        ]
    },
    "10T": {
        "bridge": [
            0.07838503271341324,
            0.15815234184265137,
            0.752587616443634
        ]
    },
    "50H": {
        "bridge": [
            0.041586983948946,
            0.10957714170217514,
            0.1895945519208908
        ]
    },
    "48N": {
        "bridge": [
            0.18332698941230774,
            0.3627796471118927,
            0.10126270353794098
        ]
    },
    "18H": {
        "bridge": [
            0.0211956724524498,
            0.018024323508143425,
            0.009434818290174007
        ]
    },
    "19Q": {
        "bridge": [
            0.03578813001513481,
            0.040208544582128525,
            0.3442060947418213
        ]
    },
    "10S": {
        "bridge": [
            0.0734827071428299,
            0.08849700540304184,
            0.4667639434337616
        ]
    },
    "19T": {
        "bridge": [
            0.08662450313568115,
            0.13282020390033722,
            0.11705241352319717
        ]
    },
    "10U": {
        "bridge": [
            0.1300312578678131,
            0.069724902510643,
            0.12687121331691742
        ]
    },
    "29U": {
        "bridge": [
            0.24426627159118652,
            0.14977127313613892,
            0.16704657673835754
        ]
    },
    "16T": {
        "bridge": [
            0.05589858815073967,
            0.10251990705728531,
            0.020667437463998795
        ]
    },
    "38P": {
        "bridge": [
            0.0427810400724411,
            0.045223601162433624,
            0.02169458009302616
        ]
    },
    "6K": {
        "bridge": [
            0.027042830362915993,
            0.036313124001026154,
            0.037584029138088226
        ]
    },
    "33U": {
        "bridge": [
            0.04067070409655571,
            0.06126972660422325,
            0.010580811649560928
        ]
    },
    "17R": {
        "bridge": [
            0.14208947122097015,
            0.13738825917243958,
            0.5658354759216309
        ]
    },
    "51P": {
        "bridge": [
            0.03495614603161812,
            0.02031252160668373,
            0.00799263920634985
        ]
    },
    "11S": {
        "bridge": [
            0.10109113901853561,
            0.1182861402630806,
            0.36119693517684937
        ]
    },
    "57U": {
        "bridge": [
            0.08642386645078659,
            0.07595795392990112,
            0.09338006377220154
        ]
    },
    "52S": {
        "bridge": [
            0.05845397338271141,
            0.06487086415290833,
            0.03459186851978302
        ]
    },
    "36V": {
        "bridge": [
            0.04159029573202133,
            0.13617120683193207,
            0.42144766449928284
        ]
    },
    "40R": {
        "bridge": [
            0.06894578039646149,
            0.0993344709277153,
            0.3274562656879425
        ]
    },
    "25L": {
        "bridge": [
            0.03261424973607063,
            0.0873303934931755,
            0.2137426882982254
        ]
    },