{
    "13Q": {
        "plane": [
            0.8757699728012085,
            0.7818227410316467,
            0.19529803097248077
        ]
    },
    "12S": {
        "plane": [
            0.9608150124549866,
            0.9267309308052063,
            0.8838881850242615
        ]
    },
    "31T": {
        "plane": [
            0.9147029519081116,
            0.8134604692459106,
            0.3088037073612213
        ]
    },
    "23K": {
        "plane": [
            0.9311272501945496,
            0.9836471676826477,
            0.9914498925209045
        ]
    },
    "34H": {
        "plane": [
            0.9060524702072144,
            0.9073365926742554,
            0.7751411199569702
        ]
    },
    "47P": {
        "plane": [
            0.8394767045974731,
            0.2763110101222992,
            0.0737229660153389
        ]
    },
    "43P": {
        "plane": [
            0.7687239646911621,
            0.16863961517810822,
            0.04124134033918381
        ]
    },
    "17T": {
        "plane": [
            0.80937260389328,
            0.513168215751648,
            0.05038979649543762
        ]
    },
    "32U": {
        "plane": [
            0.7532110810279846,
            0.25003600120544434,
            0.033307041972875595
        ]
    },
    "22K": {
        "plane": [
            0.7283871173858643,
            0.22438675165176392,
            0.05442848801612854
        ]
    },
    "30T": {
        "plane": [
            0.8978003859519958,
            0.8174959421157837,
            0.8012193441390991
        ]
    },
    "38V": {
        "plane": [
            0.6402957439422607,
            0.5889491438865662,
            0.021459143608808517
        ]
    },
    "17R": {
        "plane": [
            0.9033882021903992,
            0.716486394405365,
            0.16747340559959412
        ]
    },
    "10S": {
        "plane": [
            0.8972817659378052,
            0.6343040466308594,
            0.15698422491550446
        ]
    },
    "29R": {
        "plane": [
            0.8586416840553284,
            0.3533432185649872,
            0.07127896696329117
        ]
    },
    "18T": {
        "plane": [
            0.8173631429672241,
            0.45339033007621765,
            0.059504564851522446
        ]
    },
    "18S": {
        "plane": [
            0.9145073890686035,
            0.9410320520401001,
            0.6667514443397522
        ]
    },
    "32T": {
        "plane": [
            0.9707759618759155,
            0.7984578609466553,
            0.4302930533885956
        ]
    },
    "44Q": {
        "plane": [
            0.5305963158607483,
            0.08588778227567673,
            0.007663905154913664
        ]
    },
    "55H": {
        "plane": [
            0.8727303147315979,
            0.5288777947425842,
            0.0701749250292778
        ]
    },
    "17Q": {
        "plane": [
            0.608128011226654,
            0.19026720523834229,
            0.047663211822509766
        ]
    },
    "34T": {
        "plane": [
            0.8828480839729309,
            0.46870625019073486,
            0.030477402731776237
        ]
    },
    "33T": {
        "plane": [
            0.9424363374710083,
            0.717573344707489,
            0.06093863025307655
        ]
    },
    "40R": {
        "plane": [
            0.95123690366745,
            0.820343017578125,
            0.33310258388519287
        ]
    },
    "50L": {
        "plane": [
            0.6601113677024841,
            0.09373801946640015,
            0.0466759167611599
        ]
    },
    "16P": {
        "plane": [
            0.888965368270874,
            0.7319437265396118,
            0.07213479280471802
        ]
    },
    "56J": {
        "plane": [
            0.8821871280670166,
            0.6428683400154114,
            0.5527936220169067
        ]
    },
    "37T": {
        "plane": [
            0.8658998012542725,
            0.7816587090492249,
            0.07631269097328186
        ]
    },
    "36S": {
        "plane": [
            0.8136996030807495,
            0.4048651456832886,
            0.03304840996861458
        ]
    },
    "14Q": {
        "plane": [
            0.663055419921875,
            0.3982260227203369,
            0.03843962028622627
        ]
    },
    "14S": {
        "plane": [
            0.9221218824386597,
            0.9113079309463501,
            0.2063465267419815
        ]
    },
    "39R": {
        "plane": [
            0.8262429237365723,
            0.4686319828033447,
            0.2258588671684265
        ]
    },
    "21J": {
        "plane": [
            0.8610614538192749,
            0.7516815662384033,
            0.0629550963640213
        ]
    },
    "39Q": {
        "plane": [
            0.7722994089126587,
            0.44130146503448486,
            0.03790273517370224
        ]
    },
    "54H": {
        "plane": [
            0.8824986815452576,
            0.530837893486023,
            0.08272986859083176
        ]
    },
    "33U": {
        "plane": [
            0.9026009440422058,
            0.6460361480712891,
            0.08600810915231705
        ]
    },
    "15P": {
        "plane": [
            0.35010769963264465,
            0.0470074824988842,
            0.0035284978803247213
        ]
    },
    "31U": {
        "plane": [
            0.9060873985290527,
            0.5466481447219849,
            0.09073509275913239
        ]
    },
    "24M": {
        "plane": [
            0.6326189041137695,
            0.19506430625915527,
            0.049124784767627716
        ]
    },
    "32P": {
        "plane": [
            0.8712689280509949,
            0.5826064944267273,
            0.04928550496697426
        ]
    },
    "56H": {
        "plane": [
            0.8905611038208008,
            0.6116133332252502,
            0.1518096923828125
        ]
    },
    "19P": {
        "plane": [
            0.8645578026771545,
            0.4360223114490509,
            0.32549238204956055
        ]
    },
    "21H": {
        "plane": [
            0.9705755710601807,
            0.49492618441581726,
            0.13064055144786835
        ]
    },
    "19H": {
        "plane": [
            0.8073936104774475,
            0.7778962850570679,
            0.04769405722618103
        ]
    },
    "34U": {
        "plane": [
            0.712781548500061,
            0.7183055281639099,
            0.016385555267333984
        ]
    },
    "51P": {
        "plane": [
            0.8601438403129578,
            0.43212422728538513,
            0.11051103472709656
        ]
    },
    "12U": {
        "plane": [
            0.7514069676399231,
            0.8138391375541687,
            0.05370623990893364
        ]
    },
    "17S": {
        "plane": [
            0.7501900792121887,
            0.36444225907325745,
            0.01646459847688675
        ]
    },
    "43Q": {
        "plane": [
            0.576664388179779,
            0.20191173255443573,
            0.01728031039237976
        ]
    },
    "17M": {
        "plane": [
            0.9425233006477356,
            0.7359718680381775,
            0.896398663520813
        ]
    },
    "19K": {
        "plane": [
            0.6355558037757874,
            0.29980963468551636,
            0.010763395577669144
        ]
    },
    "50R": {
        "plane": [
            0.5240716934204102,
            0.203605055809021,
            0.014341242611408234
        ]
    },
    "48P": {
        "plane": [
            0.7777462601661682,
            0.28886881470680237,
            0.015032987110316753
        ]
    },
    "38R": {
        "plane": [
            0.8731769919395447,
            0.6727033257484436,
            0.06318096816539764
        ]
    },
    "47N": {
        "plane": [
            0.7386497855186462,
            0.42053624987602234,
            0.04445936903357506
        ]
    },