{
    "35S": {
        "harbor": [
            0.8793835043907166,
            0.9034714698791504,
            0.9194892644882202
        ]
    },
    "27W": {
        "harbor": [
            0.6568853855133057,
            0.4164752662181854,
            0.23766422271728516
        ]
    },
    "44N": {
        "harbor": [
            0.8734925985336304,
            0.9575905203819275,
            0.961647629737854
        ]
    },
    "39R": {
        "harbor": [
            0.9130702018737793,
            0.9462032914161682,
            0.9267844557762146
        ]
    },
    "30U": {
        "harbor": [
            0.9047808647155762,
            0.8756148219108582,
            0.914155900478363
        ]
    },
    "32S": {
        "harbor": [
            0.9727542996406555,
            0.9197998642921448,
            0.7015098929405212
        ]
    },
    "33S": {
        "harbor": [
            0.8727901577949524,
            0.9033745527267456,
            0.8646299839019775
        ]
    },
    "18T": {
        "harbor": [
            0.7830337882041931,
            0.9425850510597229,
            0.785971462726593
        ]
    },
    "53T": {
        "harbor": [
            0.850835919380188,
            0.837744414806366,
            0.47109586000442505
        ]
    },
    "59G": {
        "harbor": [
            0.9314920902252197,
            0.7761524319648743,
            0.6837505102157593
        ]
    },
    "19F": {
        "harbor": [
            0.796164333820343,
            0.8990594148635864,
            0.6699076890945435
        ]
    },
    "43Q": {
        "harbor": [
            0.855968713760376,
            0.8199491500854492,
            0.6069658994674683
        ]
    },
    "44P": {
        "harbor": [
            0.7292510867118835,
            0.8611992597579956,
            0.852026641368866
        ]
    },
    "30V": {
        "harbor": [
            0.9304840564727783,
            0.9093965888023376,
            0.8826178312301636
        ]
    },
    "31U": {
        "harbor": [
            0.9102187752723694,
            0.9739527106285095,
            0.7808600068092346
        ]
    },
    "30T": {
        "harbor": [
            0.919824481010437,
            0.9478576183319092,
            0.7001214027404785
        ]
    },
    "12R": {
        "harbor": [
            0.7783501744270325,
            0.8126787543296814,
            0.8913605213165283
        ]
    },
    "19Q": {
        "harbor": [
            0.9089687466621399,
            0.897047221660614,
            0.7210692167282104
        ]
    },
    "33T": {
        "harbor": [
            0.9285082817077637,
            0.9514225721359253,
            0.9506025910377502
        ]
    },
    "35T": {
        "harbor": [
            0.899202287197113,
            0.9390710592269897,
            0.8819736838340759
        ]
    },
    "51S": {
        "harbor": [
            0.7046063542366028,
            0.8134745955467224,
            0.37320613861083984
        ]
    },
    "20T": {
        "harbor": [
            0.8815836906433105,
            0.9224036335945129,
            0.9320090413093567
        ]
    },
    "48N": {
        "harbor": [
            0.772344708442688,
            0.8470314145088196,
            0.8078052401542664
        ]
    },
    "54S": {
        "harbor": [
            0.9305474758148193,
            0.9305258989334106,
            0.9659841060638428
        ]
    },
    "53H": {
        "harbor": [
            0.3864346146583557,
            0.676529586315155,
            0.07318343967199326
        ]
    },
    "36S": {
        "harbor": [
            0.8220080137252808,
            0.9336764812469482,
            0.8286940455436707
        ]
    },
    "31N": {
        "harbor": [
            0.7147401571273804,
            0.788923978805542,
            0.9034805297851562
        ]
    },
    "36W": {
        "harbor": [
            0.7641963958740234,
            0.7303252816200256,
            0.3020689785480499
        ]
    },
    "55G": {
        "harbor": [
            0.7987808585166931,
            0.8986517190933228,
            0.21323125064373016
        ]
    },
    "29T": {
        "harbor": [
            0.867706298828125,
            0.8461758494377136,
            0.9189667701721191
        ]
    },
    "6K": {
        "harbor": [
            0.6478355526924133,
            0.6800103783607483,
            0.6878324151039124
        ]
    },
    "49M": {
        "harbor": [
            0.6976646184921265,
            0.7369329333305359,
            0.536602258682251
        ]
    },
    "50K": {
        "harbor": [
            0.929142415523529,
            0.9285275936126709,
            0.8118752837181091
        ]
    },
    "55H": {
        "harbor": [
            0.7707857489585876,
            0.8305596709251404,
            0.83890300989151
        ]
    },
    "34S": {
        "harbor": [
            0.9371790289878845,
            0.9057167172431946,
            0.9352612495422363
        ]
    },
    "19P": {
        "harbor": [
            0.8158783316612244,
            0.8828396201133728,
            0.8102524876594543
        ]
    },
    "32T": {
        "harbor": [
            0.9467105269432068,
            0.953683614730835,
            0.844702959060669
        ]
    },
    "30S": {
        "harbor": [
            0.9195496439933777,
            0.9592700004577637,
            0.979362964630127
        ]
    },
    "52R": {
        "harbor": [
            0.8646627068519592,
            0.8067103028297424,
            0.844124436378479
        ]
    },
    "40R": {
        "harbor": [
            0.8343216180801392,
            0.9154648780822754,
            0.8633581399917603
        ]
    },
    "22M": {
        "harbor": [
            0.3321987986564636,
            0.43260806798934937,
            0.07114215940237045
        ]
    },
    "20P": {
        "harbor": [
            0.5360950827598572,
            0.5681481957435608,
            0.3581302762031555
        ]
    },
    "48P": {
        "harbor": [
            0.7409408688545227,
            0.8697918057441711,
            0.23633748292922974
        ]
    },
    "54T": {
        "harbor": [
            0.881416380405426,
            0.9146890640258789,
            0.9499788880348206
        ]
    },
    "46Q": {
        "harbor": [
            0.49710315465927124,
            0.26395875215530396,
            0.0968586727976799
        ]
    },
    "16P": {
        "harbor": [
            0.6294483542442322,
            0.8048653602600098,
            0.7378301024436951
        ]
    },
    "52S": {
        "harbor": [
            0.8833965063095093,
            0.9351039528846741,
            0.8486146330833435
        ]
    },
    "52T": {
        "harbor": [
            0.8794249892234802,
            0.9343377947807312,
            0.6703267097473145
        ]
    },
    "50R": {
        "harbor": [
            0.8388845324516296,
            0.953679084777832,
            0.833741307258606
        ]
    },
    "36R": {
        "harbor": [
            0.601650059223175,
            0.704341471195221,
            0.43792301416397095
        ]
    },
    "50S": {
        "harbor": [
            0.7888736724853516,
            0.6984880566596985,
            0.29425206780433655
        ]
    },
    "33V": {
        "harbor": [
            0.5534806251525879,
            0.6185990571975708,
            0.08082189410924911
        ]
    },
    "37T": {
        "harbor": [
            0.9444971084594727,
            0.8947239518165588,
            0.7195385694503784
        ]
    },
    "37W": {
        "harbor": [
            0.7624083161354065,
            0.6335623860359192,
            0.308469295501709
        ]
    },
    "22H": {
        "harbor": [
            0.694083034992218,
            0.6929598450660706,
            0.39335644245147705
        ]
    },