{
    "50K": {
        "ship": [
            0.9095456004142761,
            0.9017204642295837,
            0.9226297736167908
        ]
    },
    "30T": {
        "ship": [
            0.8439620733261108,
            0.8235922455787659,
            0.8762810826301575
        ]
    },
    "32U": {
        "ship": [
            0.6759165525436401,
            0.8434479832649231,
            0.9041125178337097
        ]
    },
    "43Q": {
        "ship": [
            0.7363802790641785,
            0.8531503081321716,
            0.7830390334129333
        ]
    },
    "55H": {
        "ship": [
            0.6411654949188232,
            0.9209721088409424,
            0.8936153054237366
        ]
    },
    "15R": {
        "ship": [
            0.7524474859237671,
            0.8935673832893372,
            0.9281406998634338
        ]
    },
    "31U": {
        "ship": [
            0.8806804418563843,
            0.9351135492324829,
            0.9831993579864502
        ]
    },
    "32T": {
        "ship": [
            0.9572378993034363,
            0.9060991406440735,
            0.8651933073997498
        ]
    },
    "17Q": {
        "ship": [
            0.5600948929786682,
            0.6322652101516724,
            0.5434418320655823
        ]
    },
    "37W": {
        "ship": [
            0.7499470710754395,
            0.8258305788040161,
            0.7289319634437561
        ]
    },
    "33S": {
        "ship": [
            0.7753974795341492,
            0.8734187483787537,
            0.7055532932281494
        ]
    },
    "51S": {
        "ship": [
            0.8197631239891052,
            0.8653928637504578,
            0.9775627851486206
        ]
    },
    "34S": {
        "ship": [
            0.8784213662147522,
            0.923695981502533,
            0.9437289834022522
        ]
    },
    "32V": {
        "ship": [
            0.8882086873054504,
            0.8407086730003357,
            0.9024439454078674
        ]
    },
    "18S": {
        "ship": [
            0.891446053981781,
            0.9079798460006714,
            0.9000393748283386
        ]
    },
    "56J": {
        "ship": [
            0.8593922853469849,
            0.9323671460151672,
            0.9758239388465881
        ]
    },
    "33T": {
        "ship": [
            0.8378475308418274,
            0.952576756477356,
            0.9632744193077087
        ]
    },
    "30U": {
        "ship": [
            0.8217017650604248,
            0.9006914496421814,
            0.9578680396080017
        ]
    },
    "17S": {
        "ship": [
            0.7853043079376221,
            0.8764258027076721,
            0.8973164558410645
        ]
    },
    "37T": {
        "ship": [
            0.9041520357131958,
            0.9454450607299805,
            0.8687155246734619
        ]
    },
    "20T": {
        "ship": [
            0.7198783159255981,
            0.6659315824508667,
            0.7217002511024475
        ]
    },
    "20H": {
        "ship": [
            0.8081819415092468,
            0.8794964551925659,
            0.8477371335029602
        ]
    },
    "16R": {
        "ship": [
            0.9282107353210449,
            0.8787139058113098,
            0.9150280952453613
        ]
    },
    "4Q": {
        "ship": [
            0.36865922808647156,
            0.5819275379180908,
            0.6692519187927246
        ]
    },
    "34U": {
        "ship": [
            0.7752730846405029,
            0.7604211568832397,
            0.974044680595398
        ]
    },
    "54S": {
        "ship": [
            0.7626083493232727,
            0.9254857897758484,
            0.9879911541938782
        ]
    },
    "30S": {
        "ship": [
            0.800271213054657,
            0.8708648085594177,
            0.8671974539756775
        ]
    },
    "18T": {
        "ship": [
            0.8818880319595337,
            0.906699538230896,
            0.8798966407775879
        ]
    },
    "54T": {
        "ship": [
            0.713857114315033,
            0.8328357934951782,
            0.8925891518592834
        ]
    },
    "17M": {
        "ship": [
            0.37980881333351135,
            0.5206151008605957,
            0.39325636625289917
        ]
    },
    "53S": {
        "ship": [
            0.8638996481895447,
            0.8897271156311035,
            0.9795507192611694
        ]
    },
    "18N": {
        "ship": [
            0.5784915685653687,
            0.636932909488678,
            0.8565364480018616
        ]
    },
    "20P": {
        "ship": [
            0.4614523649215698,
            0.5428988337516785,
            0.42656001448631287
        ]
    },
    "10T": {
        "ship": [
            0.837522029876709,
            0.9070252180099487,
            0.9324029088020325
        ]
    },
    "50H": {
        "ship": [
            0.7909978628158569,
            0.780174732208252,
            0.5917633771896362
        ]
    },
    "48N": {
        "ship": [
            0.9307954907417297,
            0.9356343150138855,
            0.9873883128166199
        ]
    },
    "18H": {
        "ship": [
            0.4113992154598236,
            0.5404828190803528,
            0.6924434900283813
        ]
    },
    "19Q": {
        "ship": [
            0.6743019223213196,
            0.8750289082527161,
            0.8867214918136597
        ]
    },
    "10S": {
        "ship": [
            0.77918940782547,
            0.9498955011367798,
            0.9559706449508667
        ]
    },
    "19T": {
        "ship": [
            0.8123783469200134,
            0.8211737871170044,
            0.7069531083106995
        ]
    },
    "10U": {
        "ship": [
            0.9429953098297119,
            0.9304109811782837,
            0.8588905334472656
        ]
    },
    "29U": {
        "ship": [
            0.8515239953994751,
            0.9234083294868469,
            0.8899983167648315
        ]
    },
    "16T": {
        "ship": [
            0.4480574131011963,
            0.7233869433403015,
            0.7570833563804626
        ]
    },
    "38P": {
        "ship": [
            0.5695049166679382,
            0.8165850639343262,
            0.6806273460388184
        ]
    },
    "6K": {
        "ship": [
            0.7254866361618042,
            0.7097806334495544,
            0.7786518335342407
        ]
    },
    "33U": {
        "ship": [
            0.680753231048584,
            0.7354212999343872,
            0.7349536418914795
        ]
    },
    "17R": {
        "ship": [
            0.8598036170005798,
            0.8782075047492981,
            0.8912529945373535
        ]
    },
    "51P": {
        "ship": [
            0.4869023561477661,
            0.23571301996707916,
            0.19734875857830048
        ]
    },
    "11S": {
        "ship": [
            0.8398589491844177,
            0.9265715479850769,
            0.9665263891220093
        ]
    },
    "57U": {
        "ship": [
            0.8199330568313599,
            0.7712224125862122,
            0.5143253803253174
        ]
    },
    "52S": {
        "ship": [
            0.8287435173988342,
            0.8413536548614502,
            0.6531122922897339
        ]
    },
    "36V": {
        "ship": [
            0.7725328803062439,
            0.8870769739151001,
            0.9254776239395142
        ]
    },
    "40R": {
        "ship": [
            0.8493552803993225,
            0.9405047297477722,
            0.9836875200271606
        ]
    },
    "25L": {
        "ship": [
            0.4144717752933502,
            0.51401686668396,
            0.6459248661994934
        ]
    },
    "29T": {
        "ship": [
            0.5239434838294983,
            0.7195442914962769,
            0.9537853598594666
        ]
    },
    "31T": {
        "ship": [
            0.7634541392326355,
            0.9800893068313599,
            0.8878966569900513
        ]
    },