{
    "13Q": {
        "bridge": [
            0.20442159473896027,
            0.17166249454021454,
            0.3599623441696167
        ]
    },
    "12S": {
        "bridge": [
            0.23641079664230347,
            0.5369919538497925,
            0.961887776851654
        ]
    },
    "31T": {
        "bridge": [
            0.2779419720172882,
            0.26430293917655945,
            0.8753713965415955
        ]
    },
    "23K": {
        "bridge": [
            0.41989707946777344,
            0.4591006934642792,
            0.9627808928489685
        ]
    },
    "34H": {
        "bridge": [
            0.3319459855556488,
            0.3351423740386963,
            0.8066726326942444
        ]
    },
    "47P": {
        "bridge": [
            0.18139910697937012,
            0.2051302045583725,
            0.06875711679458618
        ]
    },
    "43P": {
        "bridge": [
            0.19849519431591034,
            0.06714393943548203,
            0.01784318871796131
        ]
    },
    "17T": {
        "bridge": [
            0.16545285284519196,
            0.08019710332155228,
            0.18540087342262268
        ]
    },
    "32U": {
        "bridge": [
            0.09124762564897537,
            0.11023253947496414,
            0.10042978078126907
        ]
    },
    "22K": {
        "bridge": [
            0.1919405460357666,
            0.06610296666622162,
            0.01739841140806675
        ]
    },
    "30T": {
        "bridge": [
            0.203575998544693,
            0.13635949790477753,
            0.3974432945251465
        ]
    },
    "38V": {
        "bridge": [
            0.04548731446266174,
            0.055716726928949356,
            0.1147504448890686
        ]
    },
    "17R": {
        "bridge": [
            0.19397498667240143,
            0.37022653222084045,
            0.8394005298614502
        ]
    },
    "10S": {
        "bridge": [
            0.18478545546531677,
            0.11526136845350266,
            0.2641289532184601
        ]
    },
    "29R": {
        "bridge": [
            0.1525455266237259,
            0.06977592408657074,
            0.05503562465310097
        ]
    },
    "18T": {
        "bridge": [
            0.11480893939733505,
            0.2774481475353241,
            0.04808119684457779
        ]
    },
    "18S": {
        "bridge": [
            0.31783485412597656,
            0.3421039581298828,
            0.9721009135246277
        ]
    },
    "32T": {
        "bridge": [
            0.3841702938079834,
            0.15230198204517365,
            0.41439738869667053
        ]
    },
    "44Q": {
        "bridge": [
            0.06313517689704895,
            0.06569039076566696,
            0.06326410919427872
        ]
    },
    "55H": {
        "bridge": [
            0.20192822813987732,
            0.13284224271774292,
            0.42952510714530945
        ]
    },
    "17Q": {
        "bridge": [
            0.0594741627573967,
            0.017156628891825676,
            0.00556577742099762
        ]
    },
    "34T": {
        "bridge": [
            0.18109345436096191,
            0.12489726394414902,
            0.11106475442647934
        ]
    },
    "33T": {
        "bridge": [
            0.18459294736385345,
            0.1803051084280014,
            0.8537279367446899
        ]
    },
    "40R": {
        "bridge": [
            0.32383254170417786,
            0.2520480453968048,
            0.34590715169906616
        ]
    },
    "50L": {
        "bridge": [
            0.05072388797998428,
            0.05151895806193352,
            0.009153892286121845
        ]
    },
    "16P": {
        "bridge": [
            0.23911604285240173,
            0.09536144882440567,
            0.13550357520580292
        ]
    },
    "56J": {
        "bridge": [
            0.23276101052761078,
            0.16250532865524292,
            0.6229977011680603
        ]
    },
    "37T": {
        "bridge": [
            0.2248065322637558,
            0.10197716951370239,
            0.015414432622492313
        ]
    },
    "36S": {
        "bridge": [
            0.1288965493440628,
            0.27113106846809387,
            0.016462530940771103
        ]
    },
    "14Q": {
        "bridge": [
            0.20186421275138855,
            0.07326419651508331,
            0.6057745218276978
        ]
    },
    "14S": {
        "bridge": [
            0.2955770790576935,
            0.7138704061508179,
            0.7397632002830505
        ]
    },
    "39R": {
        "bridge": [
            0.08532550185918808,
            0.5699928998947144,
            0.825202465057373
        ]
    },
    "21J": {
        "bridge": [
            0.15834078192710876,
            0.11626949906349182,
            0.028064297512173653
        ]
    },
    "39Q": {
        "bridge": [
            0.15061409771442413,
            0.06843193620443344,
            0.034097835421562195
        ]
    },
    "54H": {
        "bridge": [
            0.17689025402069092,
            0.08151517808437347,
            0.07670662552118301
        ]
    },
    "33U": {
        "bridge": [
            0.2102067470550537,
            0.09256970882415771,
            0.03406447544693947
        ]
    },
    "15P": {
        "bridge": [
            0.017507104203104973,
            0.05384756624698639,
            0.08635111898183823
        ]
    },
    "31U": {
        "bridge": [
            0.18203815817832947,
            0.15230229496955872,
            0.5086480379104614
        ]
    },
    "24M": {
        "bridge": [
            0.0806899443268776,
            0.2856624126434326,
            0.055414628237485886
        ]
    },
    "32P": {
        "bridge": [
            0.12636713683605194,
            0.13196128606796265,
            0.12728162109851837
        ]
    },
    "56H": {
        "bridge": [
            0.22285710275173187,
            0.1346009224653244,
            0.07367238402366638
        ]
    },
    "19P": {
        "bridge": [
            0.1386135071516037,
            0.1382198929786682,
            0.5161024928092957
        ]
    },
    "21H": {
        "bridge": [
            0.2922753691673279,
            0.49048811197280884,
            0.835514485836029
        ]
    },
    "19H": {
        "bridge": [
            0.1750987321138382,
            0.08640722930431366,
            0.03426331654191017
        ]
    },
    "34U": {
        "bridge": [
            0.07830474525690079,
            0.19420741498470306,
            0.17263342440128326
        ]
    },
    "51P": {
        "bridge": [
            0.11264647543430328,
            0.13126593828201294,
            0.9253439903259277
        ]
    },
    "12U": {
        "bridge": [
            0.05655651539564133,
            0.06472498178482056,
            0.04014857858419418
        ]
    },
    "17S": {
        "bridge": [
            0.06824276596307755,
            0.09775698184967041,
            0.05135002359747887
        ]
    },
    "43Q": {
        "bridge": [
            0.07382361590862274,
            0.12133336067199707,
            0.020952241495251656
        ]
    },
    "17M": {
        "bridge": [
            0.30763351917266846,
            0.11674647778272629,
            0.3019544780254364
        ]
    },
    "19K": {
        "bridge": [
            0.12359438836574554,
            0.05517750605940819,
            0.027396200224757195
        ]
    },
    "50R": {
        "bridge": [
            0.05521532893180847,
            0.042909253388643265,
            0.02741841971874237
        ]
    },
    "48P": {
        "bridge": [
            0.06271854788064957,
            0.051226578652858734,
            0.03298019990324974
        ]
    },
    "38R": {
        "bridge": [
            0.16398553550243378,
            0.0710153728723526,
            0.16214421391487122
        ]
    },