{
    "50K": {
        "plane": [
            0.7044621706008911,
            0.22173310816287994,
            0.015076967887580395
        ]
    },
    "30T": {
        "plane": [
            0.7103326320648193,
            0.721945583820343,
            0.021514425054192543
        ]
    },
    "32U": {
        "plane": [
            0.6105610132217407,
            0.686070442199707,
            0.02674011141061783
        ]
    },
    "43Q": {
        "plane": [
            0.645436704158783,
            0.4433540403842926,
            0.009606217965483665
        ]
    },
    "55H": {
        "plane": [
            0.40454599261283875,
            0.06401438266038895,
            0.01356312446296215
        ]
    },
    "15R": {
        "plane": [
            0.6358119249343872,
            0.27564072608947754,
            0.0204439889639616
        ]
    },
    "31U": {
        "plane": [
            0.6733083128929138,
            0.4655801057815552,
            0.02078673616051674
        ]
    },
    "32T": {
        "plane": [
            0.7044461965560913,
            0.32585427165031433,
            0.02141055464744568
        ]
    },
    "17Q": {
        "plane": [
            0.6159090995788574,
            0.416098028421402,
            0.017406107857823372
        ]
    },
    "37W": {
        "plane": [
            0.8407191038131714,
            0.6296873092651367,
            0.03490477055311203
        ]
    },
    "33S": {
        "plane": [
            0.6938555240631104,
            0.1583251953125,
            0.007381506729871035
        ]
    },
    "51S": {
        "plane": [
            0.6697015762329102,
            0.3612404763698578,
            0.014583374373614788
        ]
    },
    "34S": {
        "plane": [
            0.4949510097503662,
            0.4083426594734192,
            0.022337371483445168
        ]
    },
    "32V": {
        "plane": [
            0.5482674241065979,
            0.4443754255771637,
            0.049436550587415695
        ]
    },
    "18S": {
        "plane": [
            0.7995062470436096,
            0.3884148597717285,
            0.035959552973508835
        ]
    },
    "56J": {
        "plane": [
            0.5432242155075073,
            0.23183035850524902,
            0.04343858361244202
        ]
    },
    "33T": {
        "plane": [
            0.7352988719940186,
            0.4569338262081146,
            0.06512316316366196
        ]
    },
    "30U": {
        "plane": [
            0.7236589789390564,
            0.8034669756889343,
            0.03561834990978241
        ]
    },
    "17S": {
        "plane": [
            0.6478226780891418,
            0.33772850036621094,
            0.012510194443166256
        ]
    },
    "37T": {
        "plane": [
            0.7033945918083191,
            0.38885676860809326,
            0.01005239225924015
        ]
    },
    "20T": {
        "plane": [
            0.5886512994766235,
            0.27305829524993896,
            0.016340220347046852
        ]
    },
    "20H": {
        "plane": [
            0.6926023364067078,
            0.34611648321151733,
            0.05612902715802193
        ]
    },
    "16R": {
        "plane": [
            0.6337091326713562,
            0.312343955039978,
            0.016801850870251656
        ]
    },
    "4Q": {
        "plane": [
            0.26531556248664856,
            0.07165607064962387,
            0.005220333579927683
        ]
    },
    "34U": {
        "plane": [
            0.569972574710846,
            0.13807284832000732,
            0.012351639568805695
        ]
    },
    "54S": {
        "plane": [
            0.7422560453414917,
            0.5452781915664673,
            0.03587521240115166
        ]
    },
    "30S": {
        "plane": [
            0.5766348242759705,
            0.6333644390106201,
            0.015320368111133575
        ]
    },
    "18T": {
        "plane": [
            0.6907127499580383,
            0.35460934042930603,
            0.039068516343832016
        ]
    },
    "54T": {
        "plane": [
            0.6440048217773438,
            0.392836332321167,
            0.016272054985165596
        ]
    },
    "17M": {
        "plane": [
            0.4700479805469513,
            0.1729697436094284,
            0.01243080198764801
        ]
    },
    "53S": {
        "plane": [
            0.613651692867279,
            0.35191598534584045,
            0.01623958721756935
        ]
    },
    "18N": {
        "plane": [
            0.26778659224510193,
            0.07044105976819992,
            0.01325994823127985
        ]
    },
    "20P": {
        "plane": [
            0.32734373211860657,
            0.30857053399086,
            0.008227217942476273
        ]
    },
    "10T": {
        "plane": [
            0.6473062038421631,
            0.6518728137016296,
            0.02316953055560589
        ]
    },
    "50H": {
        "plane": [
            0.5205957293510437,
            0.19609680771827698,
            0.020882869139313698
        ]
    },
    "48N": {
        "plane": [
            0.7761895060539246,
            0.4787045419216156,
            0.03504656255245209
        ]
    },
    "18H": {
        "plane": [
            0.2636408805847168,
            0.09635462611913681,
            0.01011821161955595
        ]
    },
    "19Q": {
        "plane": [
            0.5168165564537048,
            0.5454385876655579,
            0.04614773020148277
        ]
    },
    "10S": {
        "plane": [
            0.5193368196487427,
            0.5723380446434021,
            0.026636503636837006
        ]
    },
    "19T": {
        "plane": [
            0.6494015455245972,
            0.7504098415374756,
            0.016980644315481186
        ]
    },
    "10U": {
        "plane": [
            0.742816686630249,
            0.33549872040748596,
            0.03475603833794594
        ]
    },
    "29U": {
        "plane": [
            0.6147931814193726,
            0.44448456168174744,
            0.011312884278595448
        ]
    },
    "16T": {
        "plane": [
            0.3527284562587738,
            0.11643268913030624,
            0.00822439044713974
        ]
    },
    "38P": {
        "plane": [
            0.5007973313331604,
            0.09846223145723343,
            0.028247643262147903
        ]
    },
    "6K": {
        "plane": [
            0.3946317434310913,
            0.3327757716178894,
            0.011191008612513542
        ]
    },
    "33U": {
        "plane": [
            0.4072014093399048,
            0.40202638506889343,
            0.014140582643449306
        ]
    },
    "17R": {
        "plane": [
            0.8192917108535767,
            0.4702052175998688,
            0.06345000118017197
        ]
    },
    "51P": {
        "plane": [
            0.4455167353153229,
            0.07929731905460358,
            0.007474306970834732
        ]
    },
    "11S": {
        "plane": [
            0.7381743788719177,
            0.31737563014030457,
            0.022306736558675766
        ]
    },
    "57U": {
        "plane": [
            0.8355433344841003,
            0.22167690098285675,
            0.03126324340701103
        ]
    },
    "52S": {
        "plane": [
            0.6966017484664917,
            0.4775499403476715,
            0.02314257249236107
        ]
    },
    "36V": {
        "plane": [
            0.5622926354408264,
            0.5057565569877625,
            0.02979852445423603
        ]
    },
    "40R": {
        "plane": [
            0.6721227169036865,
            0.6303761601448059,
            0.029793068766593933
        ]
    },
    "25L": {
        "plane": [
            0.20690783858299255,
            0.14645713567733765,
            0.011400863528251648
        ]
    },