{
    "13Q": {
        "storage tank": [
            0.6529796719551086,
            0.9022517204284668,
            0.6876088976860046
        ]
    },
    "12S": {
        "storage tank": [
            0.831429660320282,
            0.9966503977775574,
            0.9834383130073547
        ]
    },
    "31T": {
        "storage tank": [
            0.8525694608688354,
            0.9894090890884399,
            0.9986376166343689
        ]
    },
    "23K": {
        "storage tank": [
            0.7952520251274109,
            0.9720150828361511,
            0.9508733153343201
        ]
    },
    "34H": {
        "storage tank": [
            0.7452285289764404,
            0.9561664462089539,
            0.9153265357017517
        ]
    },
    "47P": {
        "storage tank": [
            0.4482525885105133,
            0.6015260219573975,
            0.21171459555625916
        ]
    },
    "43P": {
        "storage tank": [
            0.3358386158943176,
            0.5406222939491272,
            0.11462543159723282
        ]
    },
    "17T": {
        "storage tank": [
            0.4837275743484497,
            0.8699446320533752,
            0.27058547735214233
        ]
    },
    "32U": {
        "storage tank": [
            0.30971693992614746,
            0.7179191708564758,
            0.04517863318324089
        ]
    },
    "22K": {
        "storage tank": [
            0.3365556597709656,
            0.8513461351394653,
            0.9059879779815674
        ]
    },
    "30T": {
        "storage tank": [
            0.5532788634300232,
            0.9092758297920227,
            0.9268014430999756
        ]
    },
    "38V": {
        "storage tank": [
            0.18490438163280487,
            0.7407352328300476,
            0.15723970532417297
        ]
    },
    "17R": {
        "storage tank": [
            0.6440972089767456,
            0.9612523317337036,
            0.26407840847969055
        ]
    },
    "10S": {
        "storage tank": [
            0.48414790630340576,
            0.9723787903785706,
            0.6507494449615479
        ]
    },
    "29R": {
        "storage tank": [
            0.6389621496200562,
            0.870598554611206,
            0.16338661313056946
        ]
    },
    "18T": {
        "storage tank": [
            0.5401620864868164,
            0.8153253793716431,
            0.5763527750968933
        ]
    },
    "18S": {
        "storage tank": [
            0.8053156733512878,
            0.9850485920906067,
            0.9387509226799011
        ]
    },
    "32T": {
        "storage tank": [
            0.6863322854042053,
            0.8687413930892944,
            0.36026284098625183
        ]
    },
    "44Q": {
        "storage tank": [
            0.34941840171813965,
            0.5555419325828552,
            0.04140856862068176
        ]
    },
    "55H": {
        "storage tank": [
            0.7929307818412781,
            0.9201877117156982,
            0.35412922501564026
        ]
    },
    "17Q": {
        "storage tank": [
            0.179048553109169,
            0.4170370101928711,
            0.022365057840943336
        ]
    },
    "34T": {
        "storage tank": [
            0.6129926443099976,
            0.9561594724655151,
            0.08883507549762726
        ]
    },
    "33T": {
        "storage tank": [
            0.6127394437789917,
            0.9585190415382385,
            0.11485084146261215
        ]
    },
    "40R": {
        "storage tank": [
            0.8944816589355469,
            0.9876424074172974,
            0.9552392363548279
        ]
    },
    "50L": {
        "storage tank": [
            0.19468288123607635,
            0.40246859192848206,
            0.08355657756328583
        ]
    },
    "16P": {
        "storage tank": [
            0.7679857015609741,
            0.9952970147132874,
            0.9909394979476929
        ]
    },
    "56J": {
        "storage tank": [
            0.5420733690261841,
            0.9539130926132202,
            0.7960577607154846
        ]
    },
    "37T": {
        "storage tank": [
            0.620003342628479,
            0.8019115328788757,
            0.28528904914855957
        ]
    },
    "36S": {
        "storage tank": [
            0.5055617094039917,
            0.9707158803939819,
            0.9730344414710999
        ]
    },
    "14Q": {
        "storage tank": [
            0.5469544529914856,
            0.7042034268379211,
            0.1080852523446083
        ]
    },
    "14S": {
        "storage tank": [
            0.6850103139877319,
            0.992396891117096,
            0.9956159591674805
        ]
    },
    "39R": {
        "storage tank": [
            0.49270614981651306,
            0.8744885921478271,
            0.5217141509056091
        ]
    },
    "21J": {
        "storage tank": [
            0.550194501876831,
            0.4810466468334198,
            0.03575359657406807
        ]
    },
    "39Q": {
        "storage tank": [
            0.3929802477359772,
            0.6359416842460632,
            0.13433100283145905
        ]
    },
    "54H": {
        "storage tank": [
            0.8481234908103943,
            0.9170995950698853,
            0.6049278378486633
        ]
    },
    "33U": {
        "storage tank": [
            0.526648223400116,
            0.7732638716697693,
            0.22086289525032043
        ]
    },
    "15P": {
        "storage tank": [
            0.09317415952682495,
            0.22294744849205017,
            0.006324425805360079
        ]
    },
    "31U": {
        "storage tank": [
            0.6456330418586731,
            0.979764461517334,
            0.2742482125759125
        ]
    },
    "24M": {
        "storage tank": [
            0.2699038088321686,
            0.5183956623077393,
            0.07981464266777039
        ]
    },
    "32P": {
        "storage tank": [
            0.5670105814933777,
            0.976344883441925,
            0.47482091188430786
        ]
    },
    "56H": {
        "storage tank": [
            0.8543362617492676,
            0.9907286167144775,
            0.37175947427749634
        ]
    },
    "19P": {
        "storage tank": [
            0.8549863696098328,
            0.9189850091934204,
            0.4987246096134186
        ]
    },
    "21H": {
        "storage tank": [
            0.5895789861679077,
            0.8368255496025085,
            0.1662394106388092
        ]
    },
    "19H": {
        "storage tank": [
            0.7384543418884277,
            0.8690305948257446,
            0.2025095820426941
        ]
    },
    "34U": {
        "storage tank": [
            0.3246471881866455,
            0.4450087547302246,
            0.45650023221969604
        ]
    },
    "51P": {
        "storage tank": [
            0.46575772762298584,
            0.7780734300613403,
            0.1762298345565796
        ]
    },
    "12U": {
        "storage tank": [
            0.30098193883895874,
            0.46812283992767334,
            0.0545467734336853
        ]
    },
    "17S": {
        "storage tank": [
            0.3540630638599396,
            0.5605931282043457,
            0.0195133276283741
        ]
    },
    "43Q": {
        "storage tank": [
            0.44229111075401306,
            0.4744407534599304,
            0.03662703186273575
        ]
    },
    "17M": {
        "storage tank": [
            0.5246373414993286,
            0.9394434094429016,
            0.14624325931072235
        ]
    },
    "19K": {
        "storage tank": [
            0.4148654639720917,
            0.9550208449363708,
            0.39730048179626465
        ]
    },
    "50R": {
        "storage tank": [
            0.20566153526306152,
            0.5170733332633972,
            0.021284911781549454
        ]
    },