{
    "50K": {
        "storage tank": [
            0.24938952922821045,
            0.20925404131412506,
            0.08547013252973557
        ]
    },
    "30T": {
        "storage tank": [
            0.6958463191986084,
            0.6794329881668091,
            0.08839458972215652
        ]
    },
    "32U": {
        "storage tank": [
            0.24553796648979187,
            0.5465121269226074,
            0.10316649824380875
        ]
    },
    "43Q": {
        "storage tank": [
            0.4335572421550751,
            0.3858451247215271,
            0.027156203985214233
        ]
    },
    "55H": {
        "storage tank": [
            0.26440954208374023,
            0.9841867089271545,
            0.991845428943634
        ]
    },
    "15R": {
        "storage tank": [
            0.7124244570732117,
            0.9620537161827087,
            0.8927944898605347
        ]
    },
    "31U": {
        "storage tank": [
            0.23162344098091125,
            0.8915576338768005,
            0.721559464931488
        ]
    },
    "32T": {
        "storage tank": [
            0.7331804633140564,
            0.7228988409042358,
            0.05960703641176224
        ]
    },
    "17Q": {
        "storage tank": [
            0.10241369158029556,
            0.44893887639045715,
            0.0498073548078537
        ]
    },
    "37W": {
        "storage tank": [
            0.14624039828777313,
            0.5854287147521973,
            0.029379988089203835
        ]
    },
    "33S": {
        "storage tank": [
            0.5950530767440796,
            0.40442273020744324,
            0.051363978534936905
        ]
    },
    "51S": {
        "storage tank": [
            0.2898624837398529,
            0.7552555203437805,
            0.17154563963413239
        ]
    },
    "34S": {
        "storage tank": [
            0.13005845248699188,
            0.23100827634334564,
            0.03544072061777115
        ]
    },
    "32V": {
        "storage tank": [
            0.6429390907287598,
            0.16308145225048065,
            0.009201254695653915
        ]
    },
    "18S": {
        "storage tank": [
            0.4701504111289978,
            0.2556018531322479,
            0.04938594251871109
        ]
    },
    "56J": {
        "storage tank": [
            0.23938478529453278,
            0.5888504385948181,
            0.3154566287994385
        ]
    },
    "33T": {
        "storage tank": [
            0.4279921352863312,
            0.5220667719841003,
            0.08797243237495422
        ]
    },
    "30U": {
        "storage tank": [
            0.5130872130393982,
            0.6717825531959534,
            0.6365893483161926
        ]
    },
    "17S": {
        "storage tank": [
            0.24665777385234833,
            0.9803624749183655,
            0.48821523785591125
        ]
    },
    "37T": {
        "storage tank": [
            0.13661332428455353,
            0.9466599822044373,
            0.2818404734134674
        ]
    },
    "20T": {
        "storage tank": [
            0.15843141078948975,
            0.4215078353881836,
            0.04085974767804146
        ]
    },
    "20H": {
        "storage tank": [
            0.449134886264801,
            0.7963944673538208,
            0.8327381014823914
        ]
    },
    "16R": {
        "storage tank": [
            0.5333018898963928,
            0.9522226452827454,
            0.40651848912239075
        ]
    },
    "4Q": {
        "storage tank": [
            0.054713498800992966,
            0.34675008058547974,
            0.024681298062205315
        ]
    },
    "34U": {
        "storage tank": [
            0.16378259658813477,
            0.5370014905929565,
            0.24798445403575897
        ]
    },
    "54S": {
        "storage tank": [
            0.3616830110549927,
            0.9934686422348022,
            0.9508907794952393
        ]
    },
    "30S": {
        "storage tank": [
            0.26864907145500183,
            0.3095850348472595,
            0.057433389127254486
        ]
    },
    "18T": {
        "storage tank": [
            0.24663414061069489,
            0.9948082566261292,
            0.684890866279602
        ]
    },
    "54T": {
        "storage tank": [
            0.2997059226036072,
            0.16107307374477386,
            0.010519894771277905
        ]
    },
    "17M": {
        "storage tank": [
            0.13005311787128448,
            0.1612258106470108,
            0.010946957394480705
        ]
    },
    "53S": {
        "storage tank": [
            0.2306104451417923,
            0.21839459240436554,
            0.0940830409526825
        ]
    },
    "18N": {
        "storage tank": [
            0.04293983429670334,
            0.12281659245491028,
            0.10924538969993591
        ]
    },
    "20P": {
        "storage tank": [
            0.10011590272188187,
            0.20179976522922516,
            0.02592632547020912
        ]
    },
    "10T": {
        "storage tank": [
            0.5170317888259888,
            0.9784926772117615,
            0.8854921460151672
        ]
    },
    "50H": {
        "storage tank": [
            0.20741583406925201,
            0.26696455478668213,
            0.08813446015119553
        ]
    },
    "48N": {
        "storage tank": [
            0.46337440609931946,
            0.9972284436225891,
            0.9868417978286743
        ]
    },
    "18H": {
        "storage tank": [
            0.07217968255281448,
            0.0974757969379425,
            0.041932351887226105
        ]
    },
    "19Q": {
        "storage tank": [
            0.21301427483558655,
            0.1506514996290207,
            0.028036197647452354
        ]
    },
    "10S": {
        "storage tank": [
            0.14570964872837067,
            0.8738497495651245,
            0.08476618677377701
        ]
    },
    "19T": {
        "storage tank": [
            0.2889532744884491,
            0.8952489495277405,
            0.7623694539070129
        ]
    },
    "10U": {
        "storage tank": [
            0.3535648584365845,
            0.7978255748748779,
            0.5953000783920288
        ]
    },
    "29U": {
        "storage tank": [
            0.3029158413410187,
            0.687131404876709,
            0.08536380529403687
        ]
    },
    "16T": {
        "storage tank": [
            0.18707101047039032,
            0.5683510303497314,
            0.08907013386487961
        ]
    },
    "38P": {
        "storage tank": [
            0.16685272753238678,
            0.5068780779838562,
            0.5868400931358337
        ]
    },
    "6K": {
        "storage tank": [
            0.13253003358840942,
            0.3078601658344269,
            0.017708756029605865
        ]
    },
    "33U": {
        "storage tank": [
            0.145920991897583,
            0.7376965880393982,
            0.27621936798095703
        ]
    },
    "17R": {
        "storage tank": [
            0.6103443503379822,
            0.9894100427627563,
            0.9727931022644043
        ]
    },
    "51P": {
        "storage tank": [
            0.09355995804071426,
            0.09707806259393692,
            0.06411528587341309
        ]
    },
    "11S": {
        "storage tank": [
            0.6859588027000427,
            0.9278745055198669,
            0.04473130404949188
        ]
    },
    "57U": {
        "storage tank": [
            0.22175927460193634,
            0.43974125385284424,
            0.2738950848579407
        ]
    },
    "52S": {
        "storage tank": [
            0.2894468903541565,
            0.5471425652503967,
            0.05893990397453308
        ]
    },
    "36V": {
        "storage tank": [
            0.2611493170261383,
            0.2933097183704376,
            0.05139714106917381
        ]
    },