{
    "50K": {
        "harbor": [
            0.8873898386955261,
            0.8444992899894714,
            0.6861670613288879
        ]
    },
    "30T": {
        "harbor": [
            0.8860397338867188,
            0.8978471159934998,
            0.5549102425575256
        ]
    },
    "32U": {
        "harbor": [
            0.8255012035369873,
            0.8048739433288574,
            0.8549044728279114
        ]
    },
    "43Q": {
        "harbor": [
            0.7695773243904114,
            0.7157217860221863,
            0.9502289891242981
        ]
    },
    "55H": {
        "harbor": [
            0.6767708659172058,
            0.8588425517082214,
            0.838187575340271
        ]
    },
    "15R": {
        "harbor": [
            0.7478496432304382,
            0.8062168955802917,
            0.43764033913612366
        ]
    },
    "31U": {
        "harbor": [
            0.9026867151260376,
            0.9195859432220459,
            0.8937098979949951
        ]
    },
    "32T": {
        "harbor": [
            0.9227646589279175,
            0.918427050113678,
            0.732751727104187
        ]
    },
    "17Q": {
        "harbor": [
            0.6109760403633118,
            0.9428706765174866,
            0.4519268870353699
        ]
    },
    "37W": {
        "harbor": [
            0.8146172761917114,
            0.8501713275909424,
            0.22540193796157837
        ]
    },
    "33S": {
        "harbor": [
            0.8234498500823975,
            0.9044020771980286,
            0.8627396821975708
        ]
    },
    "51S": {
        "harbor": [
            0.9408388733863831,
            0.8766403198242188,
            0.9412435293197632
        ]
    },
    "34S": {
        "harbor": [
            0.8669506907463074,
            0.9369034171104431,
            0.9462637305259705
        ]
    },
    "32V": {
        "harbor": [
            0.879725992679596,
            0.8250959515571594,
            0.6385714411735535
        ]
    },
    "18S": {
        "harbor": [
            0.7888529896736145,
            0.8955963850021362,
            0.8974301218986511
        ]
    },
    "56J": {
        "harbor": [
            0.7998988628387451,
            0.7936490178108215,
            0.6889563202857971
        ]
    },
    "33T": {
        "harbor": [
            0.8720757961273193,
            0.902753472328186,
            0.9280980825424194
        ]
    },
    "30U": {
        "harbor": [
            0.865052342414856,
            0.9295909404754639,
            0.860765814781189
        ]
    },
    "17S": {
        "harbor": [
            0.7936161160469055,
            0.8812703490257263,
            0.7217727899551392
        ]
    },
    "37T": {
        "harbor": [
            0.9448858499526978,
            0.8782986998558044,
            0.7386081218719482
        ]
    },
    "20T": {
        "harbor": [
            0.8191672563552856,
            0.934195339679718,
            0.9436922669410706
        ]
    },
    "20H": {
        "harbor": [
            0.8709996342658997,
            0.9078397154808044,
            0.5010716915130615
        ]
    },
    "16R": {
        "harbor": [
            0.9008007645606995,
            0.8451064825057983,
            0.48701730370521545
        ]
    },
    "4Q": {
        "harbor": [
            0.5048725008964539,
            0.7935319542884827,
            0.3128925561904907
        ]
    },
    "34U": {
        "harbor": [
            0.8116546869277954,
            0.8394619226455688,
            0.7334380745887756
        ]
    },
    "54S": {
        "harbor": [
            0.8556817173957825,
            0.9741201996803284,
            0.8732262849807739
        ]
    },
    "30S": {
        "harbor": [
            0.8373202085494995,
            0.9173903465270996,
            0.8515791296958923
        ]
    },
    "18T": {
        "harbor": [
            0.8842779994010925,
            0.9511147737503052,
            0.8831399083137512
        ]
    },
    "54T": {
        "harbor": [
            0.8182306885719299,
            0.8851308226585388,
            0.8497474193572998
        ]
    },
    "17M": {
        "harbor": [
            0.38993948698043823,
            0.5335745215415955,
            0.1246773898601532
        ]
    },
    "53S": {
        "harbor": [
            0.8916159272193909,
            0.9578883051872253,
            0.8289937973022461
        ]
    },
    "18N": {
        "harbor": [
            0.604228138923645,
            0.8000515699386597,
            0.5809665322303772
        ]
    },
    "20P": {
        "harbor": [
            0.6119400262832642,
            0.7005894780158997,
            0.2800201177597046
        ]
    },
    "10T": {
        "harbor": [
            0.9051929712295532,
            0.962103545665741,
            0.8914588093757629
        ]
    },
    "50H": {
        "harbor": [
            0.8357118368148804,
            0.8220909833908081,
            0.8778262138366699
        ]
    },
    "48N": {
        "harbor": [
            0.9501630663871765,
            0.8746104836463928,
            0.7470532059669495
        ]
    },
    "18H": {
        "harbor": [
            0.5180999040603638,
            0.6044299602508545,
            0.4344942271709442
        ]
    },
    "19Q": {
        "harbor": [
            0.760303795337677,
            0.8773717880249023,
            0.6010238528251648
        ]
    },
    "10S": {
        "harbor": [
            0.7863728404045105,
            0.9041478633880615,
            0.9286694526672363
        ]
    },
    "19T": {
        "harbor": [
            0.9067867398262024,
            0.9170161485671997,
            0.8656603693962097
        ]
    },
    "10U": {
        "harbor": [
            0.888925313949585,
            0.8952764868736267,
            0.8242783546447754
        ]
    },
    "29U": {
        "harbor": [
            0.9164257049560547,
            0.8342918157577515,
            0.5168458819389343
        ]
    },
    "16T": {
        "harbor": [
            0.5775335431098938,
            0.7378422021865845,
            0.2559395730495453
        ]
    },
    "38P": {
        "harbor": [
            0.6559219360351562,
            0.7726421356201172,
            0.42119014263153076
        ]
    },
    "6K": {
        "harbor": [
            0.8681703805923462,
            0.7112807035446167,
            0.6437649726867676
        ]
    },
    "33U": {
        "harbor": [
            0.6814645528793335,
            0.5824257135391235,
            0.11929922550916672
        ]
    },
    "17R": {
        "harbor": [
            0.8959700465202332,
            0.9346055388450623,
            0.5618864297866821
        ]
    },
    "51P": {
        "harbor": [
            0.37947559356689453,
            0.31943291425704956,
            0.4651793837547302
        ]
    },
    "11S": {
        "harbor": [
            0.9293391108512878,
            0.9509388208389282,
            0.6884859800338745
        ]
    },
    "57U": {
        "harbor": [
            0.9258884787559509,
            0.7478832602500916,
            0.8538632392883301
        ]
    },
    "52S": {
        "harbor": [
            0.795998215675354,
            0.8877763152122498,
            0.585641086101532
        ]
    },
    "36V": {
        "harbor": [
            0.7915090918540955,
            0.790178656578064,
            0.7077541351318359
        ]
    },
    "40R": {
        "harbor": [
            0.8816356658935547,
            0.9061721563339233,
            0.8570145964622498
        ]
    },
    "25L": {
        "harbor": [
            0.5740598440170288,
            0.8790808320045471,
            0.4646807909011841
        ]
    },
    "29T": {
        "harbor": [
            0.6740511059761047,
            0.7508553862571716,
            0.6328726410865784
        ]
    },