{
    "35S": {
        "bridge": [
            0.09599149227142334,
            0.039758529514074326,
            0.04744001477956772
        ]
    },
    "27W": {
        "bridge": [
            0.024359557777643204,
            0.04359069839119911,
            0.13869059085845947
        ]
    },
    "44N": {
        "bridge": [
            0.18014031648635864,
            0.07258205860853195,
            0.039917510002851486
        ]
    },
    "39R": {
        "bridge": [
            0.19191527366638184,
            0.14873740077018738,
            0.8615430593490601
        ]
    },
    "30U": {
        "bridge": [
            0.11015859991312027,
            0.09050282090902328,
            0.16063158214092255
        ]
    },
    "32S": {
        "bridge": [
            0.12297817319631577,
            0.1871921867132187,
            0.5928183794021606
        ]
    },
    "33S": {
        "bridge": [
            0.08979929238557816,
            0.0897400751709938,
            0.09484454989433289
        ]
    },
    "18T": {
        "bridge": [
            0.0874105915427208,
            0.1260448545217514,
            0.694550096988678
        ]
    },
    "53T": {
        "bridge": [
            0.04583185538649559,
            0.04404687136411667,
            0.01862114481627941
        ]
    },
    "59G": {
        "bridge": [
            0.06815827637910843,
            0.055233169347047806,
            0.0522080697119236
        ]
    },
    "19F": {
        "bridge": [
            0.08959530293941498,
            0.09667085111141205,
            0.16199839115142822
        ]
    },
    "43Q": {
        "bridge": [
            0.14332054555416107,
            0.08981752395629883,
            0.3055676519870758
        ]
    },
    "44P": {
        "bridge": [
            0.044370923191308975,
            0.04911822825670242,
            0.1770430952310562
        ]
    },
    "30V": {
        "bridge": [
            0.09997392445802689,
            0.14944320917129517,
            0.0832250565290451
        ]
    },
    "31U": {
        "bridge": [
            0.16443738341331482,
            0.47340020537376404,
            0.5417105555534363
        ]
    },
    "30T": {
        "bridge": [
            0.13857898116111755,
            0.18170766532421112,
            0.2704164981842041
        ]
    },
    "12R": {
        "bridge": [
            0.10087890923023224,
            0.11277195811271667,
            0.08365757763385773
        ]
    },
    "19Q": {
        "bridge": [
            0.1211133599281311,
            0.062147825956344604,
            0.03710485249757767
        ]
    },
    "33T": {
        "bridge": [
            0.12217417359352112,
            0.16413649916648865,
            0.18720032274723053
        ]
    },
    "35T": {
        "bridge": [
            0.09042159467935562,
            0.16643841564655304,
            0.6479616165161133
        ]
    },
    "51S": {
        "bridge": [
            0.11079981923103333,
            0.13402420282363892,
            0.22483022511005402
        ]
    },
    "20T": {
        "bridge": [
            0.09348062425851822,
            0.16732899844646454,
            0.16185472905635834
        ]
    },
    "48N": {
        "bridge": [
            0.1202441081404686,
            0.12104333192110062,
            0.40309005975723267
        ]
    },
    "54S": {
        "bridge": [
            0.12721514701843262,
            0.6105538010597229,
            0.6602615118026733
        ]
    },
    "53H": {
        "bridge": [
            0.06120411679148674,
            0.09967797249555588,
            0.03571135178208351
        ]
    },
    "36S": {
        "bridge": [
            0.21078355610370636,
            0.08739472180604935,
            0.20652708411216736
        ]
    },
    "31N": {
        "bridge": [
            0.04450855404138565,
            0.07441168278455734,
            0.6682839393615723
        ]
    },
    "36W": {
        "bridge": [
            0.05928851664066315,
            0.08296860754489899,
            0.040558334439992905
        ]
    },
    "55G": {
        "bridge": [
            0.07159734517335892,
            0.03660331666469574,
            0.3017232418060303
        ]
    },
    "29T": {
        "bridge": [
            0.08383733779191971,
            0.05092982202768326,
            0.07497704029083252
        ]
    },
    "6K": {
        "bridge": [
            0.023578334599733353,
            0.03398563340306282,
            0.015459343791007996
        ]
    },
    "49M": {
        "bridge": [
            0.0768621489405632,
            0.030268453061580658,
            0.028175611048936844
        ]
    },
    "50K": {
        "bridge": [
            0.24857975542545319,
            0.30894410610198975,
            0.16641779243946075
        ]
    },
    "55H": {
        "bridge": [
            0.07890718430280685,
            0.40640559792518616,
            0.09363612532615662
        ]
    },
    "34S": {
        "bridge": [
            0.10219021141529083,
            0.12060238420963287,
            0.09239254146814346
        ]
    },
    "19P": {
        "bridge": [
            0.08499845117330551,
            0.0641641691327095,
            0.29860207438468933
        ]
    },
    "32T": {
        "bridge": [
            0.22264598309993744,
            0.07166808098554611,
            0.5790383219718933
        ]
    },
    "30S": {
        "bridge": [
            0.18424615263938904,
            0.20971962809562683,
            0.7747948169708252
        ]
    },
    "52R": {
        "bridge": [
            0.10556384176015854,
            0.13897565007209778,
            0.49929502606391907
        ]
    },
    "40R": {
        "bridge": [
            0.11165249347686768,
            0.1900559663772583,
            0.4904741048812866
        ]
    },
    "22M": {
        "bridge": [
            0.02561941184103489,
            0.024335067719221115,
            0.010033969767391682
        ]
    },
    "20P": {
        "bridge": [
            0.0436905100941658,
            0.027186276391148567,
            0.02111358940601349
        ]
    },
    "48P": {
        "bridge": [
            0.03673320636153221,
            0.38734790682792664,
            0.7117371559143066
        ]
    },
    "54T": {
        "bridge": [
            0.07846324890851974,
            0.22078989446163177,
            0.12826533615589142
        ]
    },
    "46Q": {
        "bridge": [
            0.015321388840675354,
            0.014698184095323086,
            0.0044601657427847385
        ]
    },
    "16P": {
        "bridge": [
            0.0444616936147213,
            0.07028733193874359,
            0.0502137690782547
        ]
    },
    "52S": {
        "bridge": [
            0.13618259131908417,
            0.19285188615322113,
            0.25756537914276123
        ]
    },
    "52T": {
        "bridge": [
            0.07486731559038162,
            0.19284962117671967,
            0.7790255546569824
        ]
    },
    "50R": {
        "bridge": [
            0.04817395284771919,
            0.062388233840465546,
            0.027310870587825775
        ]
    },
    "36R": {
        "bridge": [
            0.060969457030296326,
            0.048302061855793,
            0.31185823678970337
        ]
    },
    "50S": {
        "bridge": [
            0.04810640960931778,
            0.13826797902584076,
            0.10117529332637787
        ]
    },
    "33V": {
        "bridge": [
            0.058924295008182526,
            0.12234143912792206,
            0.37825289368629456
        ]
    },
    "37T": {
        "bridge": [
            0.1627349853515625,
            0.06792473793029785,
            0.22975710034370422
        ]
    },
    "37W": {
        "bridge": [
            0.09626477211713791,
            0.07577572017908096,
            0.04781782627105713
        ]
    },