{
    "13Q": {
        "harbor": [
            0.8893957138061523,
            0.7225589752197266,
            0.5186544060707092
        ]
    },
    "12S": {
        "harbor": [
            0.8812482357025146,
            0.867203950881958,
            0.4223506450653076
        ]
    },
    "31T": {
        "harbor": [
            0.7467580437660217,
            0.7845699191093445,
            0.5215395092964172
        ]
    },
    "23K": {
        "harbor": [
            0.8210893869400024,
            0.8140096664428711,
            0.4962187707424164
        ]
    },
    "34H": {
        "harbor": [
            0.8779272437095642,
            0.7558008432388306,
            0.6813856959342957
        ]
    },
    "47P": {
        "harbor": [
            0.5159215927124023,
            0.8630661964416504,
            0.6114242672920227
        ]
    },
    "43P": {
        "harbor": [
            0.6243831515312195,
            0.4205465316772461,
            0.06411358714103699
        ]
    },
    "17T": {
        "harbor": [
            0.5651811361312866,
            0.30787193775177,
            0.040398698300123215
        ]
    },
    "32U": {
        "harbor": [
            0.5738721489906311,
            0.43554970622062683,
            0.03618215397000313
        ]
    },
    "22K": {
        "harbor": [
            0.6472469568252563,
            0.5976082682609558,
            0.019777623936533928
        ]
    },
    "30T": {
        "harbor": [
            0.7213664650917053,
            0.6014404892921448,
            0.25825634598731995
        ]
    },
    "38V": {
        "harbor": [
            0.565731942653656,
            0.5321558117866516,
            0.11356892436742783
        ]
    },
    "17R": {
        "harbor": [
            0.8611787557601929,
            0.9197595119476318,
            0.9578753709793091
        ]
    },
    "10S": {
        "harbor": [
            0.8786778450012207,
            0.6352059841156006,
            0.13161079585552216
        ]
    },
    "29R": {
        "harbor": [
            0.8023335337638855,
            0.5098420977592468,
            0.043421391397714615
        ]
    },
    "18T": {
        "harbor": [
            0.698742687702179,
            0.4349784851074219,
            0.046148981899023056
        ]
    },
    "18S": {
        "harbor": [
            0.9187241196632385,
            0.9813576340675354,
            0.9854970574378967
        ]
    },
    "32T": {
        "harbor": [
            0.6601855158805847,
            0.4607684314250946,
            0.1595345288515091
        ]
    },
    "44Q": {
        "harbor": [
            0.5244737863540649,
            0.41240572929382324,
            0.10282249748706818
        ]
    },
    "55H": {
        "harbor": [
            0.6931294798851013,
            0.5578669309616089,
            0.1579349935054779
        ]
    },
    "17Q": {
        "harbor": [
            0.41541731357574463,
            0.23616734147071838,
            0.009575127623975277
        ]
    },
    "34T": {
        "harbor": [
            0.6558892130851746,
            0.4930052161216736,
            0.09595216810703278
        ]
    },
    "33T": {
        "harbor": [
            0.8939927816390991,
            0.7104137539863586,
            0.49886947870254517
        ]
    },
    "40R": {
        "harbor": [
            0.8627241849899292,
            0.7503475546836853,
            0.2070140391588211
        ]
    },
    "50L": {
        "harbor": [
            0.31850647926330566,
            0.27078408002853394,
            0.03723125904798508
        ]
    },
    "16P": {
        "harbor": [
            0.7210094928741455,
            0.30613601207733154,
            0.033269453793764114
        ]
    },
    "56J": {
        "harbor": [
            0.7663961052894592,
            0.6122075915336609,
            0.28978705406188965
        ]
    },
    "37T": {
        "harbor": [
            0.8486864566802979,
            0.6606577634811401,
            0.03708454966545105
        ]
    },
    "36S": {
        "harbor": [
            0.676012396812439,
            0.6164314150810242,
            0.48673132061958313
        ]
    },
    "14Q": {
        "harbor": [
            0.524614155292511,
            0.4819622039794922,
            0.2028629034757614
        ]
    },
    "14S": {
        "harbor": [
            0.7877597808837891,
            0.7645494341850281,
            0.14214466512203217
        ]
    },
    "39R": {
        "harbor": [
            0.5334307551383972,
            0.865842878818512,
            0.9463183879852295
        ]
    },
    "21J": {
        "harbor": [
            0.7734277248382568,
            0.6751278638839722,
            0.03555535152554512
        ]
    },
    "39Q": {
        "harbor": [
            0.7070260643959045,
            0.7190788388252258,
            0.12338461726903915
        ]
    },
    "54H": {
        "harbor": [
            0.6469892859458923,
            0.6879675984382629,
            0.07374025881290436
        ]
    },
    "33U": {
        "harbor": [
            0.6721983551979065,
            0.6003127098083496,
            0.16340461373329163
        ]
    },
    "15P": {
        "harbor": [
            0.15097516775131226,
            0.09834762662649155,
            0.017245912924408913
        ]
    },
    "31U": {
        "harbor": [
            0.7149053812026978,
            0.7000808119773865,
            0.30924323201179504
        ]
    },
    "24M": {
        "harbor": [
            0.5030595064163208,
            0.45312005281448364,
            0.1306355893611908
        ]
    },
    "32P": {
        "harbor": [
            0.7396680116653442,
            0.5164836049079895,
            0.20551492273807526
        ]
    },
    "56H": {
        "harbor": [
            0.8011783957481384,
            0.6039380431175232,
            0.06467346101999283
        ]
    },
    "19P": {
        "harbor": [
            0.7184916734695435,
            0.4111766517162323,
            0.13509413599967957
        ]
    },
    "21H": {
        "harbor": [
            0.7699711918830872,
            0.7494836449623108,
            0.931149423122406
        ]
    },
    "19H": {
        "harbor": [
            0.7321960926055908,
            0.7291651964187622,
            0.5012467503547668
        ]
    },
    "34U": {
        "harbor": [
            0.5942804217338562,
            0.678487241268158,
            0.3408569395542145
        ]
    },
    "51P": {
        "harbor": [
            0.7726626992225647,
            0.631592869758606,
            0.3650033473968506
        ]
    },
    "12U": {
        "harbor": [
            0.5866621136665344,
            0.21892964839935303,
            0.029732845723628998
        ]
    },
    "17S": {
        "harbor": [
            0.46560025215148926,
            0.48496362566947937,
            0.05108557641506195
        ]
    },
    "43Q": {
        "harbor": [
            0.5267860889434814,
            0.5718356370925903,
            0.13543900847434998
        ]
    },
    "17M": {
        "harbor": [
            0.8085846304893494,
            0.4142310917377472,
            0.0637526661157608
        ]
    },
    "19K": {
        "harbor": [
            0.46044448018074036,
            0.21894267201423645,
            0.03451197221875191
        ]
    },
    "50R": {
        "harbor": [
            0.619274377822876,
            0.40343716740608215,
            0.05803206190466881
        ]
    },
    "48P": {
        "harbor": [
            0.48885732889175415,
            0.504926860332489,
            0.03572431951761246
        ]
    },
    "38R": {
        "harbor": [
            0.7230915427207947,
            0.6314519047737122,
            0.10009698569774628
        ]
    },